date,CN_search,AF_search,AL_search,DZ_search,AD_search,AO_search,AG_search,AR_search,AM_search,AU_search,AT_search,AZ_search,BS_search,BH_search,BD_search,BB_search,BY_search,BE_search,BZ_search,BJ_search,BT_search,BO_search,BA_search,BW_search,BR_search,BN_search,BG_search,BF_search,MM_search,BI_search,CV_search,KH_search,CM_search,CA_search,CF_search,TD_search,CL_search,CO_search,CG_search,CD_search,CR_search,CI_search,HR_search,CU_search,CY_search,CZ_search,DK_search,DJ_search,DM_search,DO_search,EC_search,EG_search,SV_search,GQ_search,ER_search,EE_search,SZ_search,ET_search,FJ_search,FI_search,FR_search,GA_search,GM_search,GE_search,DE_search,GH_search,GR_search,GD_search,GT_search,GN_search,GW_search,GY_search,HT_search,VA_search,HN_search,HU_search,IS_search,IN_search,ID_search,IR_search,IQ_search,IE_search,IL_search,IT_search,JM_search,JP_search,JO_search,KZ_search,KE_search,KR_search,XK_search,KW_search,KG_search,LA_search,LV_search,LB_search,LR_search,LY_search,LI_search,LT_search,LU_search,MG_search,MW_search,MY_search,MV_search,ML_search,MT_search,MR_search,MU_search,MX_search,MD_search,MC_search,MN_search,ME_search,MA_search,MZ_search,NA_search,NP_search,NL_search,NZ_search,NI_search,NE_search,NG_search,MK_search,NO_search,OM_search,PK_search,PA_search,PG_search,PY_search,PE_search,PH_search,PL_search,PT_search,QA_search,RO_search,RU_search,RW_search,KN_search,LC_search,VC_search,SM_search,ST_search,SA_search,SN_search,RS_search,SC_search,SL_search,SG_search,SK_search,SI_search,SO_search,ZA_search,SS_search,ES_search,LK_search,SD_search,SR_search,SE_search,CH_search,SY_search,TW_search,TZ_search,TH_search,TL_search,TG_search,TT_search,TN_search,TR_search,US_search,UG_search,UA_search,AE_search,GB_search,UY_search,UZ_search,VE_search,VN_search,PS_search,EH_search,YE_search,ZM_search,ZW_search,KM_search,TJ_search
2020-01-26,100.0,3,6.0,2,4.0,2,6.0,7,6,17,18,5,9.0,8,5,6,9.0,10,19.0,3,14,7,21,10.0,7,35.0,7,3,15.0,0.0,0.0,40.0,5,23.0,0.0,6,8,9,8.0,2,5,11.0,20,4,9,21,10,6.0,32.0,5,7,8,9,15,0,11,6.0,2.0,18,16,8,6.0,0.0,16.0,10,3.0,8.0,9,7,10.0,0.0,3,5,,3,18,23.0,2,23,3,10.0,6,9,4,8.0,13,8,1,6,24.0,8,5,4.0,41.0,15.0,12,3.0,0.0,11.0,12.0,9,7,15.0,44.0,22.0,2.0,13,0.0,11,7,13,,100.0,3.0,6,7,14,8,16,14,5,7.0,4,14,17,3,6.0,6,37.0,8,3,30,9,9,7.0,6,6.0,6.0,0.0,12.0,13,0.0,,3,3,15.0,17.0,0.0,30.0,22.0,9,4.0,6,0.0,3.0,23,17.0,4,22,10,7.0,21.0,3,13,29.0,4,14.0,3,14,10,1,8,8.0,6,5.0,6,7,9,10.0,0,0,6.0,9.0,,
2020-01-27,73.0,3,9.0,2,4.0,2,12.0,6,2,19,12,7,11.0,8,5,12,12.0,8,29.0,7,26,6,12,8.0,7,35.0,6,2,18.0,9.0,5.0,61.0,6,22.0,0.0,5,7,10,7.0,3,5,7.0,14,4,11,30,15,6.0,42.0,5,21,6,9,14,0,20,0.0,1.0,6,20,8,3.0,0.0,11.0,11,4.0,8.0,16,5,3.0,0.0,8,5,,5,24,22.0,4,21,4,8.0,7,6,4,8.0,16,9,3,5,43.0,6,4,19.0,51.0,14.0,11,5.0,10.0,28.0,10.0,11,9,8.0,41.0,17.0,2.0,6,0.0,15,5,8,,68.0,0.0,5,6,3,7,17,20,5,4.0,5,8,16,3,8.0,6,32.0,7,8,35,11,5,5.0,8,9.0,6.0,0.0,0.0,7,5.0,,3,3,15.0,0.0,2.0,33.0,18.0,6,2.0,5,0.0,3.0,32,9.0,10,25,12,7.0,15.0,3,11,27.0,5,6.0,2,18,11,3,11,9.0,6,4.0,10,5,8,16.0,0,0,3.0,11.0,,
2020-01-28,71.0,3,9.0,2,9.0,10,14.0,9,12,22,13,8,9.0,6,5,23,14.0,9,34.0,4,34,13,15,15.0,14,46.0,9,3,18.0,8.0,20.0,71.0,7,25.0,0.0,10,10,10,7.0,3,6,6.0,19,5,11,27,27,0.0,23.0,6,17,5,10,11,0,16,6.0,7.0,10,19,7,7.0,8.0,10.0,24,7.0,10.0,27,6,3.0,0.0,8,7,,4,30,20.0,6,14,4,7.0,8,9,7,45.0,21,8,3,15,50.0,9,5,23.0,29.0,21.0,10,11.0,5.0,14.0,11.0,14,13,8.0,39.0,17.0,7.0,14,5.0,15,6,13,,57.0,15.0,4,6,9,6,26,21,3,0.0,5,14,18,4,8.0,7,18.0,22,15,30,20,7,6.0,7,10.0,9.0,0.0,16.0,14,11.0,,3,8,13.0,23.0,3.0,50.0,16.0,13,2.0,8,5.0,5.0,41,6.0,12,19,10,0.0,20.0,5,13,14.0,2,12.0,4,18,11,3,12,11.0,7,6.0,9,8,7,11.0,0,0,10.0,7.0,,
2020-01-29,60.0,10,11.0,2,14.0,27,6.0,9,9,20,10,4,7.0,12,5,16,14.0,8,7.0,4,19,13,17,16.0,18,35.0,11,3,24.0,8.0,10.0,35.0,7,22.0,0.0,23,11,10,3.0,6,8,6.0,20,3,9,17,20,7.0,22.0,6,16,5,14,0,0,30,6.0,6.0,19,46,7,3.0,7.0,16.0,19,7.0,10.0,21,7,8.0,11.0,5,5,,8,40,26.0,6,10,6,14.0,7,9,7,17.0,21,8,2,11,43.0,5,7,8.0,32.0,16.0,16,9.0,10.0,12.0,10.0,11,11,13.0,36.0,15.0,5.0,10,7.0,17,8,9,,55.0,6.0,6,21,13,6,19,19,8,4.0,5,12,31,6,8.0,9,15.0,25,8,29,22,7,8.0,6,9.0,6.0,0.0,6.0,7,14.0,,4,5,9.0,13.0,2.0,44.0,17.0,10,2.0,11,4.0,5.0,29,13.0,8,20,7,7.0,21.0,5,11,10.0,3,11.0,6,19,11,5,9,32.0,8,10.0,9,7,7,8.0,12,0,12.0,11.0,,
2020-01-30,53.0,14,13.0,3,14.0,24,14.0,15,9,21,10,7,24.0,12,5,14,4.0,9,7.0,3,40,16,18,29.0,16,62.0,11,1,11.0,15.0,12.0,35.0,7,22.0,0.0,0,10,9,8.0,7,9,5.0,21,8,16,21,17,40.0,0.0,7,18,6,15,22,0,39,10.0,3.0,13,31,8,3.0,5.0,16.0,18,4.0,12.0,50,9,3.0,0.0,10,10,,10,35,19.0,8,9,8,9.0,13,12,15,14.0,23,8,2,7,39.0,14,9,12.0,47.0,27.0,12,5.0,10.0,0.0,15.0,11,10,23.0,33.0,41.0,2.0,14,7.0,13,10,7,,41.0,14.0,5,27,14,7,18,19,10,11.0,8,9,24,6,9.0,12,12.0,9,9,62,17,10,11.0,6,10.0,9.0,0.0,12.0,14,6.0,,4,6,7.0,13.0,3.0,44.0,15.0,11,2.0,12,19.0,7.0,19,26.0,12,23,9,7.0,26.0,5,12,16.0,3,18.0,5,28,11,5,12,25.0,11,9.0,10,7,6,3.0,0,0,4.0,7.0,,
2020-01-31,51.0,16,19.0,3,4.0,16,18.0,16,9,19,11,14,14.0,14,6,17,23.0,9,17.0,8,31,17,19,43.0,13,38.0,16,2,25.0,17.0,29.0,39.0,9,19.0,0.0,7,9,10,12.0,6,13,8.0,25,6,25,18,14,8.0,28.0,9,16,8,36,11,0,38,6.0,5.0,12,25,8,10.0,15.0,24.0,17,6.0,14.0,19,13,6.0,25.0,18,6,,9,31,41.0,8,9,14,19.0,13,14,22,13.0,23,6,3,7,52.0,10,7,13.0,43.0,29.0,17,12.0,5.0,9.0,17.0,13,11,13.0,34.0,61.0,6.0,22,0.0,17,12,9,,44.0,3.0,6,16,14,10,17,26,9,7.0,8,16,27,6,10.0,19,21.0,7,10,47,19,13,8.0,7,16.0,11.0,0.0,12.0,26,10.0,,4,4,13.0,7.0,2.0,43.0,28.0,17,6.0,13,5.0,8.0,16,9.0,17,39,9,0.0,29.0,9,12,14.0,2,23.0,6,25,11,3,15,19.0,17,10.0,17,9,11,8.0,0,12,17.0,20.0,,
2020-02-01,47.0,12,12.0,3,9.0,8,10.0,10,6,16,10,5,13.0,6,4,14,11.0,6,12.0,5,26,12,13,41.0,8,29.0,7,3,25.0,19.0,12.0,26.0,4,13.0,0.0,5,9,8,3.0,4,9,1.0,27,8,16,13,14,7.0,31.0,8,14,6,17,15,0,17,5.0,3.0,12,23,6,14.0,12.0,15.0,12,4.0,13.0,25,14,5.0,0.0,22,9,,7,21,17.0,7,8,11,11.0,9,11,12,12.0,14,10,4,5,40.0,7,8,9.0,48.0,19.0,11,9.0,5.0,23.0,17.0,15,8,4.0,24.0,35.0,2.0,14,5.0,6,9,10,,28.0,4.0,5,9,25,9,14,18,12,6.0,8,10,18,6,7.0,12,19.0,6,6,21,14,15,7.0,6,11.0,11.0,0.0,7.0,0,9.0,,3,5,5.0,23.0,0.0,35.0,16.0,10,5.0,9,8.0,8.0,15,13.0,5,24,7,0.0,18.0,4,9,14.0,2,13.0,4,18,9,3,8,14.0,8,9.0,12,9,8,8.0,11,0,2.0,12.0,,
2020-02-02,46.0,5,9.0,2,4.0,5,10.0,8,6,13,8,6,15.0,6,3,12,7.0,6,12.0,3,20,9,11,15.0,6,44.0,15,2,12.0,0.0,10.0,20.0,5,11.0,0.0,6,7,8,8.0,2,9,2.0,29,10,9,11,10,6.0,0.0,7,11,5,14,15,100,12,9.0,4.0,10,17,5,6.0,16.0,8.0,11,4.0,14.0,15,10,3.0,0.0,13,7,,8,20,14.0,6,7,7,9.0,10,13,8,15.0,13,7,3,6,40.0,6,6,4.0,15.0,9.0,7,9.0,5.0,21.0,17.0,11,11,9.0,24.0,15.0,4.0,7,0.0,10,9,12,,35.0,7.0,3,5,19,9,11,15,8,7.0,7,11,14,6,7.0,9,9.0,6,6,21,13,8,8.0,5,9.0,10.0,0.0,6.0,10,7.0,,3,2,9.0,16.0,2.0,32.0,14.0,12,0.0,9,0.0,5.0,9,6.0,14,18,6,14.0,17.0,6,10,0.0,2,9.0,3,17,7,3,8,12.0,7,6.0,7,8,7,11.0,10,0,6.0,13.0,,
2020-02-03,44.0,9,9.0,3,4.0,7,19.0,6,5,12,6,7,7.0,11,4,13,13.0,6,9.0,3,20,9,14,15.0,5,38.0,8,3,13.0,11.0,10.0,23.0,5,10.0,0.0,0,5,5,3.0,5,6,6.0,20,7,9,12,12,12.0,25.0,7,8,6,14,0,50,16,14.0,5.0,11,17,4,3.0,5.0,8.0,9,4.0,4.0,12,7,5.0,0.0,10,6,,4,19,12.0,7,7,8,6.0,7,14,5,8.0,13,4,1,8,36.0,5,5,10.0,22.0,15.0,7,7.0,5.0,11.0,17.0,7,6,13.0,22.0,18.0,4.0,1,5.0,12,6,11,,13.0,3.0,4,13,9,6,10,12,5,9.0,7,8,8,4,5.0,9,13.0,4,4,18,10,7,9.0,4,8.0,9.0,0.0,5.0,11,6.0,,3,3,9.0,6.0,8.0,30.0,12.0,6,0.0,9,4.0,4.0,9,13.0,8,16,5,13.0,20.0,3,8,0.0,3,7.0,3,15,7,3,6,10.0,6,4.0,6,7,7,11.0,0,0,7.0,11.0,,
2020-02-04,40.0,19,5.0,2,6.0,9,9.0,5,7,11,5,7,8.0,5,3,15,4.0,8,19.0,5,32,14,9,13.0,4,46.0,12,4,18.0,15.0,10.0,24.0,6,10.0,0.0,5,5,4,3.0,4,6,5.0,17,12,8,10,7,6.0,0.0,9,6,5,10,43,67,12,8.0,4.0,18,14,4,11.0,9.0,9.0,8,4.0,7.0,10,8,9.0,0.0,13,4,,4,14,13.0,6,7,6,7.0,5,13,5,8.0,13,4,2,5,32.0,3,6,7.0,32.0,20.0,5,3.0,0.0,7.0,4.0,7,8,4.0,24.0,9.0,4.0,5,0.0,13,6,7,,20.0,10.0,3,9,10,6,10,12,4,9.0,6,5,9,4,5.0,11,16.0,3,4,15,9,8,7.0,4,7.0,5.0,0.0,10.0,7,7.0,,3,5,5.0,0.0,5.0,44.0,7.0,9,0.0,7,5.0,3.0,7,5.0,12,14,5,14.0,20.0,2,8,12.0,2,11.0,2,11,6,3,5,7.0,5,3.0,11,7,7,3.0,0,0,10.0,11.0,,
2020-02-05,39.0,11,6.0,1,9.0,6,0.0,6,4,12,6,9,7.0,5,3,17,6.0,6,7.0,3,7,13,10,10.0,4,35.0,5,4,14.0,9.0,10.0,21.0,5,10.0,0.0,0,6,5,3.0,5,6,5.0,9,12,5,10,7,0.0,22.0,13,6,4,7,12,0,11,12.0,4.0,10,13,4,3.0,5.0,3.0,7,4.0,8.0,10,6,3.0,24.0,10,4,,3,10,9.0,5,6,5,5.0,6,12,4,4.0,17,4,1,3,31.0,4,3,12.0,16.0,18.0,5,3.0,7.0,7.0,7.0,5,4,11.0,29.0,12.0,6.0,5,0.0,8,5,7,,31.0,7.0,3,4,4,4,10,11,6,18.0,4,8,8,3,4.0,12,10.0,5,4,13,8,7,3.0,4,6.0,2.0,0.0,15.0,0,0.0,,2,4,6.0,13.0,2.0,50.0,6.0,7,2.0,8,0.0,3.0,7,9.0,8,13,5,0.0,15.0,2,7,33.0,2,8.0,1,11,5,3,6,7.0,5,4.0,9,6,6,8.0,0,0,7.0,9.0,,
2020-02-06,38.0,6,4.0,2,12.0,5,13.0,6,10,11,5,4,4.0,6,3,21,12.0,5,8.0,4,17,15,8,3.0,4,42.0,8,3,8.0,8.0,10.0,18.0,4,10.0,0.0,10,6,5,0.0,4,5,3.0,8,8,7,8,8,7.0,28.0,17,4,4,3,0,0,8,12.0,1.0,4,11,4,7.0,0.0,5.0,7,10.0,5.0,10,5,3.0,12.0,9,3,,4,9,11.0,5,6,6,3.0,8,13,4,9.0,18,4,1,4,44.0,7,3,7.0,35.0,13.0,4,3.0,9.0,14.0,10.0,3,5,6.0,27.0,7.0,4.0,4,5.0,11,5,3,,33.0,0.0,3,4,7,7,9,12,5,7.0,5,6,8,3,4.0,5,19.0,3,4,12,9,5,5.0,3,6.0,5.0,0.0,5.0,0,7.0,,2,3,4.0,7.0,0.0,60.0,7.0,5,2.0,9,0.0,3.0,6,0.0,8,12,4,0.0,15.0,4,8,0.0,3,7.0,1,10,6,4,4,7.0,7,3.0,7,5,7,8.0,11,0,9.0,14.0,,
2020-02-07,38.0,8,4.0,2,4.0,6,7.0,7,6,12,6,5,10.0,7,4,14,2.0,5,7.0,8,11,12,5,7.0,4,48.0,7,9,14.0,9.0,12.0,14.0,7,11.0,0.0,7,9,4,3.0,6,6,8.0,11,8,6,9,10,7.0,25.0,13,5,3,8,0,0,10,9.0,5.0,9,16,4,9.0,10.0,6.0,7,8.0,6.0,9,6,9.0,25.0,8,8,,6,10,11.0,5,7,8,5.0,7,13,4,7.0,16,3,2,6,35.0,4,3,8.0,16.0,11.0,4,8.0,5.0,16.0,7.0,7,9,8.0,30.0,11.0,4.0,4,16.0,11,5,2,,23.0,7.0,3,9,8,6,8,14,7,7.0,5,7,11,4,4.0,6,12.0,4,4,12,7,6,4.0,5,8.0,4.0,0.0,6.0,0,6.0,,2,7,2.0,0.0,4.0,100.0,8.0,7,2.0,9,0.0,3.0,9,5.0,19,11,4,6.0,19.0,4,7,0.0,3,6.0,1,10,6,6,4,7.0,6,4.0,8,6,6,3.0,0,0,16.0,13.0,,
2020-02-08,35.0,3,9.0,1,4.0,5,0.0,6,5,11,6,5,7.0,5,4,8,5.0,5,14.0,6,8,9,9,12.0,3,33.0,12,2,11.0,0.0,5.0,19.0,5,10.0,0.0,4,9,5,0.0,6,6,3.0,14,7,5,9,8,0.0,0.0,6,6,4,4,15,0,8,6.0,3.0,5,12,7,12.0,0.0,6.0,7,4.0,7.0,21,7,0.0,12.0,5,8,,5,9,9.0,4,7,4,6.0,6,16,4,8.0,11,4,2,5,33.0,13,4,0.0,15.0,11.0,3,4.0,16.0,14.0,7.0,9,9,17.0,29.0,8.0,7.0,3,5.0,11,5,4,,16.0,0.0,4,6,3,4,9,11,6,9.0,5,5,13,5,3.0,6,3.0,4,4,10,7,6,5.0,6,5.0,2.0,0.0,0.0,8,0.0,,2,1,6.0,25.0,2.0,88.0,5.0,8,8.0,7,0.0,4.0,8,0.0,9,10,6,7.0,15.0,4,8,0.0,3,5.0,2,9,6,3,7,9.0,6,2.0,2,5,6,0.0,0,13,6.0,17.0,,
2020-02-09,32.0,4,6.0,2,9.0,3,6.0,4,6,9,5,2,11.0,4,3,6,2.0,4,7.0,7,17,7,5,4.0,3,44.0,6,5,12.0,19.0,7.0,17.0,5,9.0,11.0,8,6,4,3.0,5,3,1.0,9,3,5,7,6,0.0,0.0,5,4,3,7,0,0,5,5.0,5.0,6,13,5,6.0,0.0,5.0,5,4.0,5.0,0,6,6.0,0.0,8,4,,5,8,13.0,4,6,4,3.0,6,12,4,5.0,11,1,1,4,23.0,8,3,4.0,17.0,6.0,4,3.0,5.0,12.0,12.0,4,3,13.0,27.0,8.0,7.0,1,7.0,6,4,5,,17.0,4.0,3,11,6,6,5,11,7,9.0,4,7,6,4,2.0,5,13.0,2,3,9,7,5,3.0,4,4.0,9.0,0.0,0.0,0,0.0,,2,3,5.0,7.0,5.0,84.0,4.0,4,2.0,7,5.0,4.0,7,6.0,4,8,5,0.0,14.0,4,7,14.0,6,7.0,1,8,5,4,4,7.0,6,3.0,6,5,4,3.0,0,0,8.0,12.0,,
2020-02-10,32.0,5,4.0,1,3.0,6,10.0,3,4,10,4,4,10.0,3,4,10,2.0,4,15.0,7,14,10,8,5.0,3,42.0,6,6,12.0,8.0,15.0,17.0,3,9.0,10.0,5,5,4,7.0,7,4,6.0,9,2,10,8,6,6.0,13.0,5,5,4,3,0,0,8,5.0,5.0,7,10,4,14.0,5.0,3.0,4,3.0,5.0,9,4,8.0,0.0,5,5,,2,8,6.0,4,8,3,4.0,7,14,4,6.0,14,1,2,5,24.0,5,2,7.0,16.0,8.0,3,4.0,0.0,11.0,7.0,4,10,9.0,31.0,8.0,4.0,2,0.0,12,4,7,,32.0,6.0,3,9,5,4,7,11,5,12.0,4,5,9,3,3.0,5,15.0,3,4,12,7,6,4.0,3,5.0,18.0,0.0,5.0,0,0.0,,1,7,6.0,0.0,6.0,93.0,7.0,6,4.0,6,0.0,4.0,8,5.0,4,9,4,7.0,17.0,3,6,0.0,3,6.0,1,7,5,4,4,6.0,9,3.0,4,5,5,10.0,0,0,6.0,7.0,,
2020-02-11,28.0,10,5.0,1,0.0,5,0.0,4,2,9,4,2,8.0,4,4,7,2.0,4,7.0,4,11,6,7,5.0,3,52.0,6,4,6.0,9.0,10.0,19.0,3,8.0,0.0,13,6,4,0.0,6,4,5.0,9,4,7,7,7,0.0,15.0,5,4,3,5,0,0,11,0.0,3.0,11,14,4,18.0,5.0,5.0,5,4.0,8.0,17,5,7.0,0.0,7,5,,4,9,13.0,3,6,4,5.0,6,11,5,9.0,12,2,1,6,26.0,5,3,4.0,15.0,11.0,4,0.0,0.0,7.0,8.0,5,7,15.0,29.0,9.0,8.0,3,5.0,11,4,5,,27.0,3.0,3,8,5,4,6,10,4,7.0,4,6,7,2,3.0,5,18.0,1,4,10,7,5,3.0,5,5.0,9.0,0.0,6.0,17,6.0,,1,3,7.0,13.0,4.0,78.0,5.0,7,0.0,6,0.0,4.0,7,5.0,4,8,4,0.0,17.0,7,7,12.0,5,5.0,1,6,5,5,5,6.0,8,3.0,3,4,4,6.0,0,0,6.0,11.0,,
2020-02-12,26.0,4,8.0,1,1.0,4,10.0,4,4,8,4,1,7.0,4,4,7,6.0,4,9.0,5,4,7,4,5.0,2,38.0,7,3,16.0,8.0,5.0,15.0,2,7.0,0.0,11,5,5,3.0,3,5,3.0,9,3,6,10,6,6.0,0.0,3,3,2,7,12,0,5,5.0,1.0,8,10,4,5.0,5.0,5.0,5,3.0,6.0,0,4,3.0,0.0,6,3,,2,6,4.0,3,6,2,4.0,5,10,4,6.0,14,3,1,4,20.0,3,3,4.0,32.0,1.0,2,3.0,7.0,7.0,6.0,5,6,8.0,24.0,6.0,6.0,2,0.0,13,4,3,,46.0,3.0,2,4,8,5,6,10,6,9.0,4,4,9,3,3.0,5,7.0,3,3,8,6,5,2.0,7,3.0,9.0,0.0,15.0,14,0.0,,2,5,4.0,14.0,2.0,78.0,6.0,4,0.0,5,0.0,3.0,6,5.0,0,8,3,0.0,14.0,3,6,12.0,2,9.0,1,5,4,5,5,7.0,8,3.0,4,5,4,6.0,0,0,8.0,12.0,,
2020-02-13,32.0,20,4.0,1,4.0,6,6.0,4,2,9,5,4,8.0,3,4,6,4.0,4,12.0,6,22,5,11,7.0,3,42.0,7,3,9.0,9.0,10.0,16.0,3,8.0,0.0,8,5,6,3.0,3,4,3.0,11,3,5,6,8,0.0,0.0,3,4,2,4,0,0,8,12.0,4.0,4,11,4,5.0,5.0,8.0,6,4.0,8.0,8,5,3.0,22.0,4,6,,3,7,6.0,4,7,4,5.0,5,12,4,8.0,16,5,0,4,24.0,2,2,4.0,20.0,6.0,4,0.0,9.0,11.0,8.0,4,6,4.0,26.0,5.0,5.0,4,0.0,13,4,4,,36.0,13.0,3,6,8,6,6,11,3,0.0,6,6,11,3,3.0,4,9.0,2,2,7,8,4,3.0,7,5.0,5.0,0.0,11.0,0,0.0,,2,6,6.0,7.0,6.0,70.0,7.0,8,2.0,5,0.0,3.0,9,9.0,4,10,5,0.0,14.0,3,7,24.0,0,4.0,1,6,5,6,5,6.0,8,3.0,3,4,5,11.0,0,0,10.0,9.0,,
2020-02-14,26.0,5,5.0,1,4.0,7,0.0,3,5,8,4,2,7.0,4,4,3,4.0,4,8.0,4,13,5,7,4.0,2,56.0,5,4,14.0,0.0,0.0,15.0,3,7.0,15.0,11,4,6,3.0,5,8,5.0,7,2,6,7,5,0.0,16.0,2,3,4,5,0,0,5,12.0,5.0,9,8,3,7.0,5.0,8.0,5,3.0,5.0,9,5,3.0,0.0,5,6,,3,7,6.0,3,4,3,2.0,4,12,3,5.0,15,4,1,3,10.0,3,3,4.0,20.0,5.0,2,3.0,0.0,9.0,6.0,4,10,8.0,21.0,10.0,5.0,5,0.0,6,3,6,,27.0,3.0,2,3,7,4,5,10,2,5.0,4,5,7,3,3.0,3,9.0,2,2,5,8,4,4.0,4,5.0,7.0,0.0,0.0,16,0.0,,1,5,4.0,7.0,0.0,61.0,6.0,5,0.0,4,0.0,2.0,7,9.0,4,7,4,0.0,15.0,5,6,0.0,2,4.0,1,6,4,3,5,5.0,6,2.0,5,3,5,7.0,0,13,5.0,7.0,,
2020-02-15,22.0,10,4.0,1,6.0,4,7.0,3,2,8,3,2,7.0,4,3,0,5.0,4,8.0,3,9,5,6,4.0,2,29.0,6,0,11.0,8.0,12.0,9.0,3,7.0,12.0,5,4,5,8.0,4,6,2.0,6,1,4,7,6,6.0,0.0,3,3,9,2,0,0,10,13.0,3.0,2,11,4,8.0,5.0,3.0,6,4.0,4.0,0,4,3.0,0.0,11,2,,1,8,13.0,3,4,3,1.0,3,12,4,3.0,14,5,2,4,12.0,4,3,9.0,23.0,5.0,5,5.0,0.0,12.0,6.0,5,6,8.0,20.0,7.0,2.0,2,0.0,7,3,2,,27.0,0.0,2,7,6,5,5,9,2,9.0,3,4,5,3,2.0,4,4.0,2,2,5,7,3,4.0,3,3.0,0.0,0.0,23.0,0,9.0,,2,4,2.0,14.0,0.0,56.0,4.0,4,0.0,5,0.0,2.0,7,4.0,0,6,3,0.0,10.0,4,6,0.0,4,6.0,1,5,4,2,4,4.0,4,2.0,4,3,4,0.0,0,0,3.0,17.0,,
2020-02-16,20.0,7,4.0,1,3.0,4,14.0,3,4,7,3,4,8.0,2,3,6,2.0,3,7.0,6,9,7,4,7.0,2,33.0,6,0,3.0,9.0,0.0,14.0,3,6.0,13.0,5,3,4,3.0,4,5,2.0,7,3,3,6,4,0.0,0.0,2,3,5,3,31,0,5,15.0,3.0,4,8,3,8.0,6.0,3.0,4,3.0,5.0,24,4,5.0,0.0,3,3,,4,5,7.0,3,5,4,1.0,4,9,3,4.0,13,2,2,4,12.0,5,2,0.0,19.0,9.0,3,5.0,5.0,11.0,3.0,3,8,23.0,17.0,3.0,4.0,0,5.0,5,3,5,,24.0,0.0,2,7,6,3,5,9,5,4.0,4,4,6,4,2.0,2,10.0,2,2,5,7,3,3.0,4,3.0,4.0,0.0,5.0,14,0.0,,1,2,4.0,7.0,2.0,52.0,4.0,4,2.0,4,0.0,2.0,4,7.0,4,5,3,7.0,10.0,3,4,0.0,4,5.0,1,5,3,2,5,4.0,4,2.0,3,3,3,3.0,0,13,3.0,11.0,,
2020-02-17,20.0,3,2.0,1,0.0,7,7.0,2,7,6,3,2,4.0,3,3,14,0.0,3,6.0,3,7,4,6,6.0,2,42.0,7,1,11.0,8.0,12.0,12.0,3,5.0,0.0,5,4,4,3.0,4,4,5.0,6,3,3,5,5,6.0,15.0,2,3,4,3,13,0,4,20.0,3.0,5,6,3,5.0,5.0,3.0,4,2.0,6.0,20,4,6.0,13.0,0,2,,3,5,5.0,3,3,3,4.0,3,11,3,4.0,19,3,1,3,15.0,2,2,4.0,13.0,4.0,3,5.0,5.0,0.0,6.0,3,6,0.0,17.0,5.0,6.0,3,9.0,10,3,6,,15.0,7.0,3,9,5,2,5,9,3,9.0,3,8,8,3,1.0,4,7.0,2,2,6,5,4,3.0,3,4.0,6.0,0.0,6.0,26,7.0,,1,3,4.0,7.0,2.0,44.0,2.0,5,2.0,4,0.0,2.0,3,0.0,6,7,3,7.0,12.0,4,5,12.0,2,3.0,1,3,4,2,3,4.0,4,2.0,3,3,3,8.0,0,0,2.0,4.0,,
2020-02-18,18.0,7,4.0,1,9.0,7,8.0,2,5,6,3,2,5.0,3,2,3,2.0,2,11.0,4,16,5,2,5.0,2,23.0,4,3,4.0,0.0,7.0,14.0,4,5.0,0.0,6,4,5,0.0,4,3,2.0,3,2,3,4,3,0.0,14.0,2,3,4,1,0,0,4,5.0,3.0,2,7,3,3.0,7.0,5.0,4,3.0,4.0,0,2,6.0,0.0,4,3,,10,5,5.0,3,3,3,1.0,4,10,3,4.0,15,3,1,6,14.0,0,2,3.0,35.0,5.0,2,4.0,0.0,11.0,1.0,3,5,11.0,16.0,9.0,1.0,1,5.0,5,2,5,,14.0,7.0,1,8,3,2,4,7,4,5.0,2,3,5,2,2.0,4,6.0,1,2,5,6,3,3.0,3,3.0,2.0,0.0,0.0,7,0.0,,1,1,2.0,7.0,2.0,34.0,2.0,3,0.0,4,0.0,2.0,5,6.0,4,7,3,0.0,11.0,3,5,0.0,2,6.0,0,3,4,2,4,4.0,3,2.0,3,3,3,3.0,0,0,3.0,8.0,,
2020-02-19,17.0,3,2.0,1,1.0,4,7.0,2,4,5,2,3,0.0,2,2,5,2.0,2,6.0,2,0,3,0,5.0,1,27.0,6,4,7.0,0.0,5.0,14.0,3,5.0,0.0,0,4,4,8.0,4,4,3.0,5,3,2,4,4,0.0,16.0,2,2,4,4,11,0,1,5.0,3.0,4,6,2,4.0,5.0,3.0,3,3.0,2.0,17,4,0.0,0.0,3,2,,10,3,6.0,2,3,10,3.0,3,10,3,3.0,15,2,1,6,28.0,2,2,0.0,24.0,4.0,3,0.0,0.0,21.0,3.0,3,7,4.0,13.0,9.0,2.0,2,0.0,3,2,3,,14.0,3.0,2,7,5,4,4,6,7,5.0,3,4,3,2,1.0,3,9.0,1,2,5,5,2,4.0,2,4.0,2.0,0.0,5.0,7,6.0,,1,3,1.0,0.0,0.0,31.0,3.0,4,2.0,4,0.0,2.0,3,0.0,4,5,2,7.0,13.0,2,4,0.0,2,4.0,1,6,3,3,2,3.0,3,2.0,1,3,2,8.0,0,0,6.0,8.0,,
2020-02-20,17.0,3,2.0,1,1.0,3,8.0,2,4,5,2,4,4.0,3,2,8,2.0,2,3.0,8,4,2,2,6.0,1,21.0,1,3,11.0,9.0,7.0,11.0,3,5.0,0.0,5,7,3,3.0,4,3,3.0,4,3,3,4,4,0.0,0.0,1,2,3,3,0,0,6,0.0,3.0,9,5,2,0.0,5.0,3.0,3,2.0,5.0,0,4,3.0,0.0,5,1,,4,3,2.0,2,3,29,10.0,3,6,2,2.0,15,2,1,4,47.0,2,1,0.0,19.0,1.0,4,7.0,5.0,0.0,7.0,1,5,4.0,12.0,6.0,4.0,6,0.0,6,2,2,,12.0,3.0,2,2,5,2,3,6,5,7.0,5,3,4,2,1.0,2,3.0,1,2,4,5,2,2.0,2,4.0,9.0,0.0,0.0,0,6.0,,1,5,2.0,0.0,2.0,30.0,3.0,6,0.0,4,0.0,2.0,4,5.0,0,5,2,0.0,11.0,2,5,0.0,2,3.0,0,7,3,2,5,4.0,3,2.0,2,2,2,6.0,0,0,4.0,11.0,,
2020-02-21,17.0,7,11.0,1,4.0,4,7.0,2,8,6,3,10,10.0,3,2,3,4.0,3,5.0,3,4,3,3,3.0,1,21.0,5,1,13.0,0.0,7.0,14.0,4,5.0,9.0,6,4,3,8.0,3,3,1.0,9,2,5,5,4,7.0,0.0,1,2,3,1,0,0,5,6.0,2.0,2,7,3,4.0,5.0,5.0,4,3.0,4.0,9,3,3.0,0.0,0,0,,3,6,5.0,2,3,35,16.0,3,12,35,3.0,17,2,1,2,62.0,2,4,0.0,29.0,8.0,29,3.0,5.0,0.0,4.0,3,1,0.0,13.0,6.0,2.0,2,0.0,2,2,3,,22.0,0.0,1,6,3,2,4,6,4,0.0,3,5,5,2,1.0,2,10.0,2,2,4,4,3,3.0,2,3.0,9.0,0.0,0.0,12,31.0,,1,1,2.0,0.0,0.0,32.0,4.0,7,0.0,3,0.0,3.0,5,5.0,0,7,5,13.0,8.0,2,5,31.0,2,3.0,1,9,3,2,5,5.0,3,2.0,4,4,3,3.0,0,0,5.0,7.0,,
2020-02-22,15.0,12,27.0,1,4.0,5,0.0,3,8,6,8,10,7.0,4,2,6,0.0,6,0.0,3,12,3,9,6.0,2,19.0,12,2,3.0,9.0,0.0,10.0,1,6.0,12.0,0,4,4,8.0,4,5,1.0,15,0,7,9,7,7.0,16.0,2,3,4,2,0,0,6,0.0,4.0,10,11,5,12.0,5.0,10.0,6,3.0,10.0,0,4,3.0,15.0,3,3,,1,11,11.0,2,4,41,26.0,4,21,73,4.0,15,5,1,3,64.0,5,6,4.0,20.0,8.0,19,3.0,9.0,0.0,10.0,10,4,8.0,14.0,8.0,4.0,6,5.0,6,2,12,,35.0,4.0,4,2,5,2,7,8,3,4.0,3,9,6,3,2.0,3,4.0,2,2,5,10,6,4.0,10,5.0,4.0,0.0,0.0,7,61.0,,1,4,5.0,0.0,0.0,32.0,6.0,15,0.0,3,0.0,5.0,4,0.0,4,10,9,13.0,7.0,3,7,0.0,2,6.0,1,15,4,2,6,6.0,3,2.0,3,3,2,8.0,0,0,3.0,11.0,,
2020-02-23,14.0,18,74.0,2,4.0,5,7.0,4,16,8,23,20,7.0,7,3,10,11.0,11,0.0,3,9,5,26,4.0,2,6.0,20,2,2.0,0.0,20.0,20.0,8,8.0,0.0,0,5,5,0.0,4,6,6.0,42,5,10,18,12,6.0,0.0,3,5,8,5,15,0,13,6.0,5.0,6,19,10,12.0,5.0,16.0,14,3.0,21.0,8,3,7.0,0.0,3,4,,4,26,12.0,2,5,47,23.0,8,27,100,4.0,20,14,1,5,80.0,21,6,4.0,21.0,13.0,13,7.0,0.0,12.0,17.0,20,5,4.0,13.0,17.0,4.0,26,0.0,4,2,15,,41.0,11.0,5,6,6,3,13,9,4,4.0,3,22,12,4,2.0,5,6.0,3,4,5,17,10,5.0,25,8.0,2.0,0.0,0.0,13,100.0,,2,10,10.0,6.0,2.0,36.0,12.0,42,2.0,5,0.0,10.0,5,5.0,4,18,21,7.0,13.0,6,7,0.0,3,6.0,6,20,5,2,8,8.0,6,3.0,6,3,3,18.0,10,0,2.0,5.0,,
2020-02-24,15.0,23,84.0,2,12.0,6,10.0,8,18,11,27,34,12.0,30,3,4,6.0,17,6.0,2,5,9,29,2.0,3,15.0,39,2,11.0,0.0,12.0,14.0,3,11.0,13.0,11,6,8,8.0,5,8,3.0,55,7,15,30,17,6.0,24.0,3,6,5,4,0,50,25,5.0,3.0,2,18,14,6.0,11.0,18.0,18,3.0,31.0,12,6,4.0,11.0,8,6,,4,31,25.0,3,5,52,32.0,13,27,88,3.0,22,8,3,5,71.0,22,23,0.0,11.0,21.0,13,5.0,14.0,26.0,28.0,28,9,0.0,13.0,17.0,4.0,43,0.0,9,5,43,,58.0,20.0,9,5,2,3,20,11,5,13.0,4,34,13,7,5.0,6,4.0,5,5,6,28,14,8.0,38,7.0,5.0,0.0,0.0,6,52.0,,4,11,15.0,18.0,2.0,41.0,19.0,58,2.0,6,0.0,19.0,9,12.0,10,20,25,22.0,15.0,10,9,0.0,1,5.0,7,25,7,4,14,8.0,9,7.0,8,6,4,20.0,0,12,3.0,5.0,,
2020-02-25,13.0,30,47.0,8,26.0,9,0.0,16,17,13,44,17,11.0,74,3,13,13.0,23,7.0,7,0,10,60,3.0,5,19.0,40,3,7.0,17.0,37.0,20.0,7,13.0,0.0,8,12,14,8.0,5,11,6.0,90,6,18,46,27,0.0,20.0,5,10,6,11,19,0,22,0.0,5.0,4,35,17,7.0,5.0,25.0,25,4.0,29.0,8,17,7.0,0.0,4,3,,8,38,26.0,2,5,50,45.0,28,21,73,6.0,28,12,2,6,70.0,30,27,11.0,30.0,31.0,15,1.0,14.0,19.0,28.0,31,12,8.0,12.0,18.0,8.0,48,11.0,10,7,36,,60.0,38.0,13,9,4,4,40,14,7,4.0,3,38,30,15,5.0,9,3.0,15,9,5,30,20,11.0,37,10.0,12.0,0.0,14.0,6,88.0,,5,19,30.0,5.0,4.0,33.0,30.0,51,9.0,6,7.0,33.0,8,11.0,4,28,33,28.0,14.0,6,9,14.0,7,8.0,7,41,10,3,11,12.0,16,13.0,3,11,4,16.0,21,23,4.0,8.0,,
2020-02-26,12.0,24,34.0,9,36.0,10,15.0,28,21,15,41,16,16.0,49,4,13,10.0,23,10.0,7,10,26,26,7.0,24,17.0,50,4,15.0,11.0,12.0,18.0,7,15.0,0.0,6,15,22,7.0,5,19,9.0,47,11,34,55,28,18.0,15.0,8,15,8,20,15,29,27,21.0,6.0,9,39,22,19.0,5.0,59.0,44,6.0,45.0,31,26,11.0,0.0,6,7,,12,49,36.0,3,5,44,28.0,30,27,56,8.0,29,16,3,8,61.0,21,43,7.0,32.0,39.0,19,5.0,9.0,23.0,38.0,38,6,11.0,12.0,17.0,9.0,45,11.0,15,10,30,,51.0,18.0,17,5,5,3,40,13,11,12.0,5,51,49,11,17.0,17,6.0,29,21,7,30,23,11.0,32,12.0,9.0,0.0,0.0,12,35.0,,7,9,30.0,18.0,2.0,32.0,30.0,30,5.0,7,8.0,28.0,8,13.0,11,32,32,7.0,15.0,8,12,27.0,7,7.0,10,43,16,4,14,13.0,21,23.0,6,18,5,23.0,0,12,1.0,11.0,,
2020-02-27,12.0,20,26.0,7,16.0,10,25.0,19,26,17,37,19,17.0,44,4,12,15.0,20,5.0,11,3,23,24,8.0,19,25.0,47,0,14.0,17.0,17.0,16.0,4,16.0,24.0,0,15,19,0.0,6,24,5.0,31,14,26,53,48,6.0,16.0,10,14,9,14,0,0,43,13.0,6.0,11,36,23,14.0,14.0,43.0,47,6.0,52.0,8,14,6.0,0.0,17,14,,13,40,40.0,3,5,44,24.0,44,30,47,9.0,32,13,4,11,48.0,18,45,20.0,24.0,55.0,24,5.0,14.0,68.0,44.0,29,7,8.0,13.0,21.0,5.0,31,0.0,12,12,25,,34.0,16.0,15,8,6,4,47,14,12,9.0,5,28,66,14,27.0,16,7.0,14,20,6,36,27,16.0,28,12.0,10.0,0.0,9.0,16,50.0,,9,14,20.0,43.0,2.0,32.0,49.0,26,4.0,8,4.0,20.0,7,5.0,28,49,41,7.0,19.0,5,11,0.0,3,19.0,7,31,18,8,13,13.0,19,15.0,9,23,4,17.0,0,23,4.0,11.0,,
2020-02-28,12.0,22,24.0,4,19.0,15,23.0,15,16,17,33,28,17.0,36,3,23,41.0,23,9.0,13,8,20,16,13.0,18,35.0,33,5,21.0,25.0,20.0,14.0,18,18.0,12.0,19,12,16,14.0,4,23,11.0,24,26,29,32,28,9.0,78.0,25,24,13,25,10,0,27,8.0,7.0,12,27,32,15.0,12.0,35.0,51,20.0,42.0,10,29,7.0,11.0,10,13,,16,30,55.0,4,7,49,20.0,33,31,42,13.0,35,12,3,22,48.0,15,31,4.0,23.0,41.0,25,14.0,14.0,49.0,51.0,26,8,9.0,16.0,22.0,11.0,24,0.0,19,39,19,,39.0,23.0,15,5,8,5,58,44,15,21.0,50,28,55,14,11.0,21,4.0,11,20,8,35,29,12.0,23,16.0,10.0,0.0,17.0,7,59.0,,6,15,17.0,37.0,4.0,32.0,35.0,27,10.0,12,4.0,21.0,9,7.0,19,42,54,21.0,15.0,11,11,12.0,11,21.0,7,17,18,9,13,21.0,21,10.0,12,22,4,16.0,0,24,13.0,22.0,,
2020-02-29,12.0,24,16.0,3,14.0,9,18.0,11,28,19,32,21,16.0,22,4,23,20.0,20,15.0,9,4,18,12,8.0,13,19.0,36,4,12.0,11.0,22.0,13.0,12,19.0,0.0,11,16,15,7.0,4,25,9.0,27,15,20,32,24,8.0,41.0,17,82,11,20,34,0,32,6.0,3.0,24,25,32,22.0,12.0,38.0,44,11.0,26.0,9,30,2.0,0.0,8,19,,14,27,43.0,4,7,38,20.0,29,27,41,12.0,28,16,3,12,51.0,11,28,4.0,26.0,27.0,30,9.0,14.0,47.0,28.0,44,14,8.0,12.0,21.0,7.0,23,5.0,24,29,14,,28.0,7.0,12,8,10,6,40,22,15,26.0,23,14,39,11,7.0,19,12.0,9,18,7,30,23,26.0,16,16.0,5.0,0.0,0.0,14,22.0,,5,17,15.0,26.0,16.0,31.0,23.0,19,7.0,9,8.0,19.0,8,12.0,30,35,44,14.0,23.0,8,10,16.0,4,13.0,8,16,20,8,11,23.0,16,11.0,12,17,3,16.0,0,0,7.0,13.0,,
2020-03-01,11.0,7,16.0,3,12.0,13,11.0,9,59,20,27,15,24.0,27,4,22,13.0,33,4.0,13,4,13,19,6.0,10,29.0,19,5,14.0,11.0,20.0,17.0,13,17.0,10.0,6,9,13,8.0,5,25,14.0,26,14,19,60,18,6.0,42.0,33,52,13,13,32,0,28,12.0,4.0,10,30,34,12.0,14.0,30.0,41,12.0,23.0,9,20,3.0,11.0,10,10,,8,27,45.0,4,7,33,20.0,38,26,40,13.0,21,16,2,11,48.0,10,22,13.0,13.0,29.0,25,7.0,10.0,54.0,29.0,34,14,13.0,14.0,19.0,9.0,25,5.0,11,19,9,,27.0,7.0,11,5,16,6,42,22,12,7.0,16,11,46,10,8.0,22,13.0,12,15,6,25,20,26.0,13,13.0,9.0,0.0,10.0,8,38.0,,5,9,11.0,6.0,0.0,37.0,24.0,20,5.0,10,0.0,18.0,9,4.0,11,31,38,0.0,13.0,8,9,29.0,4,12.0,5,14,17,8,12,21.0,19,6.0,7,16,4,14.0,10,0,4.0,12.0,,
2020-03-02,11.0,21,14.0,8,17.0,16,26.0,8,35,24,24,25,27.0,25,5,23,27.0,36,9.0,12,10,14,17,9.0,9,31.0,21,5,11.0,8.0,22.0,14.0,11,20.0,21.0,6,7,13,8.0,9,13,12.0,22,15,19,48,23,0.0,30.0,28,40,13,14,37,0,24,15.0,5.0,5,35,39,18.0,39.0,29.0,41,12.0,25.0,38,21,6.0,13.0,11,16,,15,25,43.0,8,23,33,21.0,34,24,40,24.0,27,36,4,14,43.0,4,26,11.0,36.0,31.0,25,8.0,5.0,32.0,31.0,30,10,17.0,18.0,24.0,18.0,14,25.0,14,18,12,,27.0,3.0,25,11,6,10,49,24,8,9.0,16,8,42,9,7.0,13,7.0,9,12,7,28,40,28.0,12,17.0,5.0,0.0,17.0,6,55.0,,9,77,15.0,14.0,11.0,31.0,25.0,18,5.0,11,16.0,20.0,7,13.0,16,37,37,8.0,17.0,8,10,0.0,8,24.0,13,15,25,12,14,21.0,26,6.0,9,14,4,8.0,0,23,6.0,17.0,,
2020-03-03,10.0,13,16.0,8,19.0,18,20.0,28,22,26,22,17,37.0,24,4,28,19.0,35,28.0,12,3,19,15,7.0,7,27.0,19,5,16.0,8.0,27.0,20.0,12,20.0,13.0,16,32,16,7.0,6,10,17.0,21,15,18,38,27,0.0,23.0,17,23,14,14,20,33,19,13.0,6.0,2,24,34,33.0,32.0,16.0,36,12.0,19.0,20,14,11.0,11.0,5,17,,10,23,46.0,16,13,40,19.0,29,24,42,22.0,22,25,3,12,34.0,8,22,21.0,26.0,26.0,21,4.0,3.0,40.0,19.0,27,11,8.0,19.0,23.0,21.0,14,25.0,18,13,15,,13.0,9.0,32,16,9,13,39,23,11,24.0,8,11,38,9,8.0,13,15.0,10,13,6,26,32,28.0,10,14.0,13.0,0.0,10.0,14,32.0,,10,58,12.0,19.0,0.0,31.0,25.0,17,6.0,10,0.0,22.0,11,6.0,26,42,34,23.0,18.0,8,10,14.0,5,19.0,12,15,24,10,24,22.0,28,9.0,9,15,3,24.0,11,0,9.0,14.0,,
2020-03-04,11.0,16,24.0,10,20.0,19,14.0,20,14,31,23,18,27.0,26,6,13,19.0,31,15.0,10,13,18,18,10.0,6,23.0,19,5,25.0,8.0,22.0,17.0,10,19.0,0.0,5,24,14,25.0,9,11,12.0,21,11,19,38,31,36.0,28.0,11,20,11,15,0,0,23,16.0,7.0,8,25,32,20.0,16.0,16.0,33,10.0,21.0,23,11,20.0,11.0,0,15,,10,37,55.0,22,8,31,20.0,36,47,59,23.0,24,17,5,10,40.0,8,22,16.0,34.0,24.0,13,9.0,3.0,39.0,17.0,30,12,6.0,23.0,20.0,14.0,19,9.0,16,10,7,,25.0,6.0,22,14,7,19,35,28,8,20.0,10,14,34,13,6.0,13,7.0,7,11,7,43,30,32.0,12,17.0,16.0,0.0,18.0,10,48.0,,8,35,10.0,28.0,7.0,31.0,25.0,32,8.0,11,5.0,24.0,8,5.0,21,39,38,0.0,18.0,10,9,0.0,8,18.0,8,19,24,8,17,31.0,33,9.0,9,16,3,17.0,11,0,6.0,20.0,,
2020-03-05,10.0,12,16.0,8,14.0,19,22.0,14,19,30,25,17,39.0,23,7,26,16.0,34,33.0,15,13,17,37,14.0,8,27.0,22,4,14.0,8.0,24.0,25.0,8,22.0,40.0,16,18,11,20.0,12,22,15.0,26,12,25,36,33,20.0,16.0,11,17,12,14,0,0,28,24.0,6.0,13,29,38,33.0,23.0,34.0,35,10.0,33.0,35,10,9.0,14.0,5,14,,10,40,48.0,18,8,29,19.0,45,53,52,28.0,25,19,4,10,34.0,12,23,7.0,39.0,21.0,15,15.0,9.0,40.0,26.0,34,11,30.0,23.0,30.0,13.0,25,14.0,30,8,13,,21.0,7.0,24,35,13,21,41,27,11,5.0,9,10,41,15,6.0,13,10.0,6,10,7,30,38,22.0,13,17.0,15.0,0.0,9.0,20,47.0,,9,35,13.0,22.0,2.0,31.0,31.0,36,10.0,43,0.0,23.0,11,9.0,42,43,40,8.0,15.0,8,10,12.0,6,21.0,8,23,28,8,17,29.0,36,9.0,11,10,4,53.0,0,23,16.0,25.0,,
2020-03-06,9.0,16,27.0,7,23.0,17,27.0,17,16,26,27,17,24.0,16,5,19,19.0,34,22.0,36,100,21,25,14.0,9,25.0,25,4,17.0,11.0,34.0,24.0,35,26.0,12.0,23,11,34,7.0,7,45,19.0,27,17,22,40,42,14.0,36.0,11,16,14,16,46,50,36,43.0,9.0,18,30,39,26.0,10.0,39.0,35,12.0,36.0,29,13,5.0,0.0,10,12,,14,41,33.0,14,7,37,19.0,55,42,57,20.0,25,13,3,12,38.0,13,19,19.0,27.0,20.0,25,14.0,7.0,46.0,21.0,35,18,23.0,21.0,32.0,14.0,17,14.0,35,7,13,,25.0,23.0,21,33,18,15,43,27,16,23.0,7,16,44,10,6.0,20,13.0,6,48,9,32,36,18.0,15,14.0,16.0,0.0,35.0,23,35.0,,7,22,32.0,19.0,6.0,32.0,55.0,34,2.0,34,9.0,23.0,10,13.0,15,43,39,7.0,15.0,11,10,12.0,38,18.0,5,22,29,7,15,24.0,30,9.0,13,12,5,29.0,10,12,7.0,30.0,,
2020-03-07,8.0,7,16.0,6,17.0,16,26.0,19,20,26,27,14,38.0,27,6,19,14.0,31,23.0,32,33,19,15,15.0,8,17.0,26,8,6.0,19.0,24.0,24.0,19,26.0,12.0,18,11,27,3.0,9,34,17.0,27,16,17,39,32,7.0,33.0,8,14,14,23,36,0,37,15.0,9.0,7,26,36,16.0,7.0,41.0,33,9.0,32.0,17,11,5.0,11.0,8,13,,13,33,54.0,12,6,32,26.0,40,48,70,17.0,20,16,3,8,39.0,10,22,8.0,33.0,31.0,30,9.0,7.0,35.0,19.0,38,12,23.0,21.0,77.0,9.0,48,7.0,24,7,17,,25.0,14.0,16,14,17,12,40,27,17,23.0,6,15,37,13,4.0,21,21.0,39,26,12,34,31,19.0,18,18.0,13.0,0.0,11.0,24,55.0,,8,17,16.0,40.0,3.0,31.0,44.0,34,2.0,24,9.0,23.0,8,9.0,24,35,37,7.0,18.0,7,10,14.0,17,21.0,6,18,31,6,17,26.0,27,9.0,12,18,6,51.0,0,24,11.0,22.0,,
2020-03-08,8.0,15,33.0,8,20.0,17,17.0,18,18,28,34,16,26.0,35,18,22,7.0,36,27.0,24,19,13,18,14.0,8,33.0,52,6,18.0,25.0,17.0,27.0,15,27.0,14.0,20,10,15,19.0,5,37,16.0,28,15,29,47,40,6.0,33.0,12,15,18,18,32,0,34,26.0,11.0,15,30,42,19.0,11.0,34.0,42,9.0,37.0,18,11,9.0,0.0,12,9,,18,39,44.0,12,6,34,29.0,39,46,74,17.0,25,19,2,9,46.0,13,21,8.0,28.0,39.0,30,7.0,5.0,68.0,31.0,39,12,13.0,21.0,47.0,15.0,27,5.0,19,7,30,,25.0,13.0,18,16,18,13,49,23,14,13.0,6,18,45,13,5.0,19,13.0,22,31,15,39,42,33.0,26,17.0,10.0,0.0,5.0,14,67.0,,12,15,24.0,11.0,4.0,42.0,54.0,44,4.0,24,9.0,26.0,11,5.0,20,42,42,7.0,18.0,6,10,43.0,12,24.0,10,16,30,5,18,27.0,34,10.0,13,17,6,31.0,10,11,7.0,18.0,,
2020-03-09,8.0,21,100.0,9,30.0,23,8.0,23,30,31,37,15,38.0,35,15,26,9.0,38,26.0,22,26,16,37,23.0,10,85.0,48,25,19.0,11.0,39.0,22.0,19,31.0,16.0,13,12,25,14.0,9,63,18.0,31,24,54,50,47,20.0,25.0,18,16,25,24,31,0,30,26.0,8.0,15,42,43,23.0,10.0,49.0,46,9.0,55.0,31,16,9.0,10.0,19,10,,19,49,49.0,15,8,37,28.0,57,44,80,27.0,25,25,3,10,43.0,48,25,16.0,19.0,42.0,36,4.0,19.0,74.0,40.0,49,19,23.0,22.0,55.0,12.0,47,11.0,21,7,41,,38.0,33.0,22,26,29,13,53,25,25,20.0,9,44,53,18,7.0,26,15.0,27,29,27,57,59,47.0,47,17.0,24.0,0.0,16.0,7,40.0,,16,15,32.0,23.0,2.0,41.0,84.0,49,6.0,30,4.0,49.0,17,22.0,21,45,43,27.0,18.0,9,11,27.0,16,17.0,18,20,36,11,20,29.0,43,12.0,15,17,6,30.0,28,23,13.0,24.0,,
2020-03-10,8.0,16,86.0,8,46.0,28,27.0,32,27,36,68,18,46.0,26,15,42,19.0,47,24.0,19,22,19,50,48.0,11,98.0,45,31,13.0,19.0,46.0,33.0,14,35.0,19.0,12,16,21,29.0,31,53,26.0,45,21,89,83,80,13.0,14.0,17,17,20,27,22,28,45,45.0,11.0,18,48,44,33.0,17.0,67.0,51,13.0,56.0,28,20,8.0,11.0,23,14,,22,63,42.0,17,10,42,22.0,68,49,77,81.0,29,22,3,12,42.0,47,24,7.0,36.0,49.0,44,11.0,5.0,46.0,28.0,59,18,13.0,24.0,57.0,15.0,53,5.0,29,9,83,,95.0,32.0,29,26,34,13,60,27,32,24.0,9,75,55,15,11.0,84,16.0,48,33,31,66,74,40.0,60,19.0,32.0,0.0,44.0,28,65.0,,12,18,50.0,16.0,10.0,37.0,62.0,60,19.0,25,8.0,70.0,16,12.0,20,62,49,32.0,19.0,8,11,18.0,14,18.0,22,54,44,10,24,32.0,52,20.0,13,19,6,40.0,0,23,10.0,25.0,,
2020-03-11,8.0,26,99.0,8,55.0,36,37.0,45,28,40,83,29,61.0,41,11,43,21.0,54,31.0,20,25,87,53,24.0,16,69.0,66,14,14.0,28.0,29.0,27.0,11,51.0,19.0,18,19,29,15.0,32,52,49.0,64,41,82,76,100,18.0,33.0,19,19,19,63,54,0,61,24.0,11.0,24,58,46,36.0,18.0,62.0,58,29.0,73.0,40,28,11.0,20.0,62,11,,55,85,74.0,20,11,37,33.0,75,52,80,100.0,26,29,5,15,40.0,66,34,11.0,49.0,72.0,50,9.0,17.0,46.0,47.0,59,23,25.0,28.0,62.0,16.0,72,18.0,40,15,55,,48.0,87.0,28,26,26,15,63,28,39,24.0,11,77,90,14,12.0,100,19.0,70,50,31,87,98,56.0,87,23.0,23.0,0.0,35.0,34,69.0,,11,23,82.0,39.0,12.0,41.0,69.0,67,8.0,31,23.0,73.0,29,14.0,15,82,55,32.0,19.0,14,12,43.0,6,31.0,19,100,54,13,35,37.0,58,27.0,14,22,6,33.0,10,34,17.0,24.0,,
2020-03-12,8.0,58,84.0,16,81.0,53,100.0,70,66,63,89,33,100.0,41,13,89,47.0,100,70.0,23,17,80,73,32.0,44,83.0,89,19,40.0,19.0,68.0,42.0,23,100.0,30.0,16,33,46,20.0,21,60,53.0,76,100,95,100,87,31.0,72.0,37,45,25,79,38,44,86,48.0,17.0,23,100,76,59.0,28.0,77.0,69,39.0,93.0,100,50,23.0,17.0,100,44,,58,93,94.0,24,15,42,31.0,100,69,73,88.0,34,28,7,21,50.0,79,34,18.0,63.0,96.0,55,26.0,28.0,100.0,69.0,100,33,30.0,41.0,49.0,16.0,100,16.0,39,35,59,,64.0,67.0,47,41,47,17,99,46,51,28.0,26,87,100,18,19.0,71,19.0,52,76,46,100,100,65.0,91,32.0,30.0,0.0,45.0,100,77.0,,18,41,89.0,60.0,14.0,52.0,85.0,100,20.0,41,10.0,100.0,48,40.0,57,100,69,39.0,30.0,15,17,18.0,16,87.0,26,61,97,20,50,42.0,92,49.0,28,48,7,43.0,11,45,21.0,30.0,,
2020-03-13,8.0,53,78.0,22,100.0,54,77.0,84,78,72,92,34,77.0,52,14,93,52.0,89,78.0,31,37,71,63,56.0,58,83.0,100,26,44.0,53.0,71.0,41.0,29,99.0,22.0,12,44,47,44.0,36,55,61.0,71,74,100,86,68,41.0,67.0,42,51,32,72,28,0,100,66.0,50.0,37,91,81,99.0,60.0,95.0,77,79.0,100.0,79,91,72.0,12.0,44,42,,40,100,100.0,31,20,55,28.0,83,67,65,91.0,35,34,15,92,55.0,100,40,31.0,56.0,73.0,50,47.0,31.0,61.0,81.0,88,41,40.0,44.0,59.0,26.0,84,36.0,48,44,72,,39.0,45.0,67,45,74,22,90,49,58,35.0,37,84,84,21,34.0,61,19.0,58,70,41,96,93,63.0,93,37.0,55.0,0.0,100.0,46,56.0,,20,72,87.0,43.0,18.0,47.0,94.0,86,19.0,40,28.0,97.0,42,52.0,82,79,100,30.0,23.0,31,17,27.0,16,100.0,31,67,86,48,54,46.0,82,100.0,25,100,7,43.0,23,24,43.0,55.0,,
2020-03-14,8.0,54,69.0,22,87.0,45,67.0,64,71,69,89,50,61.0,48,16,76,41.0,80,100.0,35,25,75,63,32.0,45,62.0,98,28,20.0,49.0,90.0,38.0,29,80.0,12.0,23,56,50,36.0,27,57,36.0,73,55,92,94,66,38.0,39.0,42,64,34,63,62,0,89,84.0,38.0,13,83,91,88.0,47.0,85.0,75,46.0,100.0,50,76,59.0,33.0,38,36,,41,89,69.0,31,23,42,33.0,91,74,62,67.0,31,40,10,56,50.0,87,42,49.0,25.0,100.0,46,43.0,26.0,44.0,88.0,92,30,30.0,43.0,53.0,44.0,73,36.0,41,47,69,,41.0,43.0,66,35,100,17,90,60,36,38.0,23,86,79,24,33.0,61,35.0,49,66,46,93,91,64.0,100,35.0,100.0,0.0,56.0,31,46.0,,21,69,84.0,64.0,33.0,52.0,86.0,86,25.0,40,59.0,94.0,40,45.0,100,67,77,58.0,21.0,24,17,16.0,22,79.0,29,55,78,39,48,48.0,85,97.0,22,82,7,57.0,23,23,31.0,47.0,,
2020-03-15,8.0,52,75.0,33,55.0,37,47.0,100,87,78,100,40,78.0,50,20,48,37.0,85,64.0,33,17,56,64,38.0,44,88.0,96,30,24.0,43.0,80.0,44.0,30,81.0,71.0,28,84,71,49.0,26,69,60.0,66,54,99,94,52,71.0,86.0,42,81,48,60,57,44,68,95.0,28.0,42,74,100,69.0,55.0,77.0,79,69.0,87.0,43,88,65.0,32.0,57,38,,44,94,75.0,32,23,46,47.0,92,58,66,81.0,29,51,8,70,57.0,60,41,49.0,62.0,76.0,55,31.0,45.0,74.0,100.0,97,36,43.0,53.0,46.0,36.0,82,41.0,39,52,70,,61.0,100.0,73,42,84,21,100,71,34,29.0,24,90,70,28,30.0,57,28.0,63,100,46,77,77,64.0,86,35.0,82.0,0.0,73.0,38,65.0,,24,73,100.0,100.0,20.0,60.0,100.0,75,18.0,75,28.0,87.0,39,33.0,61,69,87,39.0,30.0,25,20,16.0,20,55.0,36,55,100,35,45,53.0,89,90.0,66,91,7,47.0,44,50,38.0,58.0,,
2020-03-16,8.0,47,62.0,34,57.0,46,43.0,93,86,84,72,42,88.0,43,26,63,45.0,82,62.0,55,22,57,80,58.0,76,81.0,71,40,37.0,68.0,63.0,52.0,33,90.0,43.0,29,100,93,86.0,40,75,91.0,63,48,87,69,46,100.0,26.0,44,78,49,61,100,28,51,62.0,41.0,39,60,91,44.0,56.0,77.0,68,88.0,86.0,35,100,54.0,43.0,35,30,,64,85,61.0,36,25,32,40.0,82,58,59,62.0,33,58,7,66,59.0,60,40,33.0,40.0,70.0,51,93.0,48.0,65.0,76.0,81,43,42.0,62.0,50.0,40.0,68,32.0,46,54,61,,46.0,50.0,79,41,72,23,77,69,45,59.0,26,80,53,29,42.0,53,50.0,57,89,43,69,67,57.0,73,49.0,85.0,0.0,76.0,41,35.0,,25,62,89.0,72.0,19.0,58.0,80.0,53,28.0,85,65.0,69.0,48,47.0,50,60,85,19.0,36.0,44,17,41.0,22,70.0,39,80,93,40,43,53.0,100,80.0,62,67,6,38.0,36,24,40.0,76.0,,
2020-03-17,7.0,43,54.0,30,39.0,40,43.0,87,72,85,64,41,77.0,42,24,100,34.0,75,61.0,84,26,49,64,74.0,88,56.0,78,34,40.0,100.0,61.0,48.0,77,81.0,33.0,44,80,86,88.0,46,70,84.0,63,59,73,66,42,79.0,40.0,59,75,35,54,71,25,48,95.0,35.0,58,50,78,66.0,80.0,68.0,62,69.0,81.0,40,68,36.0,76.0,29,29,,48,65,46.0,38,19,37,26.0,70,61,57,51.0,39,48,15,53,57.0,45,38,24.0,62.0,75.0,41,82.0,26.0,86.0,64.0,73,43,32.0,56.0,50.0,52.0,45,27.0,42,64,56,,46.0,80.0,60,52,72,22,68,71,35,49.0,26,93,50,28,43.0,47,47.0,54,88,31,62,54,65.0,70,42.0,72.0,0.0,51.0,49,43.0,,22,55,73.0,63.0,29.0,56.0,75.0,53,39.0,78,31.0,63.0,48,24.0,51,52,62,43.0,35.0,37,18,20.0,29,68.0,29,67,84,41,49,51.0,97,78.0,38,68,6,49.0,0,61,81.0,51.0,,
2020-03-18,7.0,61,46.0,36,38.0,50,39.0,82,73,69,59,43,55.0,43,34,86,31.0,64,47.0,68,21,49,78,53.0,92,67.0,66,50,45.0,53.0,76.0,37.0,100,79.0,53.0,48,80,81,64.0,61,70,84.0,66,69,73,56,39,61.0,48.0,53,66,36,44,49,66,46,100.0,35.0,48,41,90,52.0,89.0,72.0,59,45.0,83.0,40,57,63.0,38.0,42,44,,44,61,56.0,40,19,34,29.0,69,56,56,44.0,34,43,9,56,52.0,48,36,52.0,34.0,66.0,44,74.0,33.0,44.0,65.0,71,52,58.0,56.0,44.0,82.0,66,27.0,54,58,61,,44.0,49.0,66,63,41,30,65,87,38,68.0,51,85,49,32,41.0,45,87.0,57,88,36,59,57,56.0,67,41.0,38.0,0.0,53.0,24,47.0,,25,67,82.0,67.0,34.0,60.0,71.0,49,41.0,74,42.0,65.0,44,42.0,35,42,59,43.0,33.0,37,17,18.0,39,58.0,36,59,76,56,49,48.0,87,69.0,39,63,5,34.0,16,24,100.0,55.0,,
2020-03-19,7.0,45,49.0,34,41.0,57,60.0,90,72,66,52,57,54.0,44,39,78,37.0,61,71.0,82,18,46,78,53.0,95,85.0,73,48,19.0,66.0,85.0,41.0,78,76.0,38.0,82,69,72,66.0,100,79,68.0,69,57,64,58,37,31.0,22.0,55,73,30,100,82,29,42,71.0,35.0,100,36,65,62.0,62.0,80.0,53,61.0,69.0,55,64,61.0,46.0,36,47,,48,64,48.0,75,18,31,38.0,56,57,56,42.0,30,52,10,55,51.0,33,39,58.0,34.0,50.0,39,65.0,41.0,54.0,67.0,68,41,45.0,57.0,43.0,53.0,60,41.0,100,58,47,,51.0,71.0,55,65,44,33,54,88,100,100.0,76,77,40,30,40.0,50,75.0,51,83,29,56,47,49.0,61,39.0,66.0,0.0,42.0,16,41.0,,25,56,76.0,64.0,29.0,52.0,60.0,52,31.0,72,29.0,64.0,44,37.0,41,33,60,58.0,33.0,38,16,22.0,64,44.0,36,56,74,59,53,51.0,79,57.0,36,64,5,56.0,35,24,66.0,49.0,,
2020-03-20,7.0,59,58.0,31,36.0,91,47.0,82,49,68,48,54,61.0,53,42,61,32.0,60,57.0,78,18,61,80,45.0,93,46.0,69,44,37.0,62.0,100.0,37.0,73,69.0,51.0,100,67,75,59.0,77,67,100.0,67,72,63,59,36,56.0,52.0,62,67,43,55,78,25,40,56.0,40.0,66,44,62,67.0,48.0,84.0,52,73.0,74.0,26,57,34.0,33.0,30,100,,50,67,39.0,57,16,37,46.0,56,69,56,33.0,33,53,12,54,55.0,43,41,83.0,32.0,53.0,44,57.0,29.0,33.0,76.0,64,76,43.0,56.0,52.0,68.0,49,41.0,70,55,60,,37.0,60.0,59,90,33,38,51,89,77,76.0,75,86,37,28,48.0,45,76.0,65,88,30,57,44,60.0,59,41.0,55.0,0.0,22.0,31,47.0,,30,60,66.0,38.0,19.0,55.0,62.0,51,30.0,67,19.0,62.0,44,38.0,74,35,56,43.0,32.0,32,16,22.0,65,42.0,32,59,75,61,53,55.0,76,65.0,50,62,4,47.0,29,24,47.0,66.0,,
2020-03-21,7.0,38,56.0,37,52.0,100,45.0,96,67,76,48,56,41.0,50,46,71,28.0,64,69.0,76,38,57,100,61.0,100,60.0,67,64,19.0,43.0,95.0,32.0,64,67.0,100.0,50,72,98,66.0,76,64,82.0,100,70,60,61,40,47.0,68.0,61,73,50,69,73,67,45,53.0,53.0,47,48,64,100.0,59.0,96.0,53,72.0,85.0,49,66,42.0,25.0,25,59,,46,73,59.0,68,17,51,39.0,58,77,58,57.0,25,46,12,52,57.0,36,46,86.0,31.0,59.0,53,72.0,31.0,61.0,86.0,65,100,53.0,62.0,39.0,60.0,52,34.0,79,55,57,,53.0,56.0,61,100,39,51,56,93,58,66.0,66,94,48,40,59.0,55,100.0,73,67,34,64,44,64.0,64,40.0,57.0,0.0,24.0,24,32.0,,35,78,83.0,53.0,28.0,65.0,70.0,53,30.0,70,69.0,66.0,45,50.0,42,38,57,75.0,24.0,28,15,41.0,67,72.0,31,59,74,67,59,62.0,72,64.0,41,70,5,44.0,34,25,53.0,71.0,,
2020-03-22,7.0,72,60.0,39,36.0,65,37.0,97,84,100,48,61,73.0,56,48,85,25.0,65,77.0,95,36,56,82,97.0,97,69.0,74,53,33.0,47.0,34.0,49.0,69,71.0,43.0,42,68,95,75.0,71,63,97.0,68,84,70,65,39,57.0,71.0,60,77,47,60,39,50,34,74.0,58.0,35,50,62,76.0,57.0,95.0,100,78.0,81.0,66,66,34.0,50.0,35,67,,42,67,47.0,74,20,44,46.0,63,57,58,46.0,30,49,9,80,59.0,43,49,46.0,55.0,61.0,53,80.0,34.0,26.0,75.0,58,77,100.0,59.0,61.0,67.0,48,34.0,66,50,52,,54.0,32.0,57,94,53,48,59,100,48,78.0,70,100,47,41,68.0,54,94.0,59,57,38,66,46,59.0,62,39.0,90.0,0.0,75.0,23,45.0,,38,75,88.0,44.0,26.0,68.0,64.0,45,19.0,82,39.0,66.0,50,49.0,74,43,54,74.0,31.0,29,18,73.0,39,63.0,34,60,74,100,52,60.0,82,62.0,61,68,5,51.0,30,25,61.0,99.0,,
2020-03-23,7.0,63,59.0,31,43.0,62,40.0,82,82,82,38,76,49.0,50,52,57,45.0,53,79.0,100,49,55,70,100.0,80,52.0,61,58,37.0,40.0,56.0,50.0,65,67.0,59.0,55,54,79,100.0,74,62,83.0,62,75,68,45,37,67.0,88.0,49,57,40,52,61,22,36,70.0,58.0,57,38,52,59.0,70.0,97.0,43,74.0,67.0,61,54,46.0,53.0,33,59,,36,58,35.0,79,18,50,43.0,58,58,48,49.0,40,45,10,74,56.0,43,48,42.0,41.0,54.0,39,82.0,50.0,23.0,78.0,53,76,57.0,57.0,51.0,93.0,40,23.0,61,48,46,,53.0,43.0,52,100,73,58,48,91,38,85.0,100,75,37,43,70.0,50,99.0,48,51,37,50,36,59.0,56,40.0,52.0,0.0,33.0,45,50.0,,39,76,66.0,59.0,25.0,60.0,52.0,42,16.0,84,24.0,53.0,45,63.0,49,36,48,48.0,29.0,31,15,31.0,47,49.0,31,51,67,88,48,66.0,80,46.0,52,61,4,71.0,18,48,64.0,97.0,,
2020-03-24,7.0,79,36.0,25,35.0,52,33.0,74,81,79,36,73,42.0,56,50,60,36.0,48,71.0,74,55,52,60,76.0,71,75.0,65,46,82.0,83.0,39.0,48.0,62,59.0,31.0,66,55,73,51.0,77,55,94.0,59,68,57,42,30,99.0,100.0,49,57,37,46,58,28,42,74.0,54.0,61,33,49,60.0,57.0,84.0,37,87.0,68.0,40,47,56.0,18.0,36,65,,32,56,32.0,79,15,54,44.0,59,62,46,45.0,36,46,7,71,50.0,40,49,57.0,42.0,30.0,44,72.0,52.0,40.0,69.0,49,67,51.0,53.0,54.0,82.0,29,20.0,64,52,47,,43.0,71.0,52,70,88,63,39,70,39,87.0,93,68,33,45,66.0,44,81.0,58,53,38,54,38,64.0,56,43.0,59.0,0.0,44.0,29,27.0,,42,50,65.0,45.0,33.0,61.0,46.0,41,19.0,70,72.0,53.0,39,63.0,31,32,45,24.0,27.0,31,14,33.0,36,52.0,26,45,63,84,46,63.0,70,39.0,61,61,5,39.0,24,25,61.0,100.0,,
2020-03-25,6.0,85,45.0,25,35.0,49,94.0,64,75,78,34,75,52.0,61,64,86,27.0,47,54.0,61,24,47,50,52.0,59,90.0,56,46,60.0,62.0,61.0,37.0,62,61.0,61.0,71,48,72,53.0,61,52,85.0,52,65,68,44,30,46.0,73.0,45,46,40,44,45,0,40,80.0,66.0,73,35,47,60.0,57.0,82.0,34,100.0,75.0,31,39,47.0,61.0,23,48,,32,51,40.0,90,17,53,51.0,55,57,43,44.0,39,42,11,62,50.0,32,51,49.0,44.0,42.0,51,64.0,41.0,44.0,81.0,43,52,43.0,58.0,41.0,100.0,42,41.0,56,46,41,,52.0,68.0,44,83,85,78,37,73,29,98.0,91,69,35,54,72.0,42,60.0,55,48,39,55,37,69.0,52,45.0,68.0,0.0,32.0,26,30.0,,45,42,73.0,39.0,44.0,75.0,42.0,43,19.0,84,26.0,52.0,44,24.0,57,31,41,65.0,29.0,38,12,22.0,39,49.0,32,44,58,82,47,71.0,73,41.0,55,54,5,43.0,29,25,83.0,96.0,,
2020-03-26,6.0,78,42.0,20,23.0,49,61.0,66,77,73,32,80,63.0,63,69,44,26.0,47,54.0,41,63,53,60,73.0,57,69.0,58,57,65.0,64.0,49.0,42.0,55,56.0,31.0,55,46,69,27.0,56,51,77.0,52,58,68,39,28,13.0,22.0,46,47,43,54,70,22,37,87.0,76.0,59,38,43,69.0,45.0,85.0,32,98.0,71.0,44,36,55.0,100.0,27,49,,42,54,27.0,92,18,61,54.0,59,58,44,41.0,47,55,13,67,58.0,43,59,64.0,55.0,48.0,49,82.0,38.0,37.0,81.0,44,47,83.0,58.0,57.0,88.0,35,30.0,58,45,40,,43.0,58.0,45,77,81,76,34,72,34,71.0,81,66,35,64,72.0,43,72.0,40,44,40,50,32,72.0,52,59.0,63.0,0.0,27.0,11,35.0,,47,44,68.0,42.0,47.0,74.0,43.0,44,39.0,100,58.0,47.0,45,51.0,43,32,36,60.0,32.0,35,12,76.0,39,62.0,33,47,58,76,54,70.0,67,39.0,57,54,5,51.0,24,36,84.0,71.0,,
2020-03-27,6.0,74,46.0,27,30.0,38,36.0,58,90,71,39,100,53.0,78,74,47,77.0,53,62.0,59,52,61,73,77.0,55,79.0,60,50,75.0,36.0,46.0,44.0,51,57.0,56.0,19,44,61,29.0,58,49,68.0,52,57,80,55,28,32.0,19.0,46,50,50,38,91,33,49,70.0,91.0,61,46,46,53.0,59.0,99.0,34,80.0,75.0,53,32,70.0,38.0,33,52,,38,69,31.0,99,25,85,64.0,58,65,43,46.0,91,67,19,64,60.0,40,68,100.0,78.0,47.0,47,78.0,38.0,37.0,69.0,42,55,96.0,61.0,77.0,88.0,40,32.0,57,45,58,,61.0,47.0,53,60,86,82,35,68,39,62.0,84,58,32,62,73.0,38,69.0,38,43,40,65,34,83.0,53,77.0,39.0,0.0,59.0,17,30.0,,54,53,79.0,52.0,38.0,70.0,53.0,46,53.0,94,75.0,46.0,44,64.0,53,34,38,96.0,99.0,35,15,33.0,45,52.0,30,53,58,75,79,85.0,63,34.0,72,47,11,56.0,51,71,70.0,92.0,,
2020-03-28,6.0,100,44.0,25,42.0,33,34.0,63,88,74,39,97,49.0,76,73,45,65.0,47,39.0,52,59,53,82,53.0,52,77.0,78,41,91.0,74.0,34.0,59.0,42,57.0,27.0,38,49,57,41.0,56,49,67.0,61,67,67,57,29,37.0,30.0,48,47,50,18,55,33,57,72.0,79.0,44,50,44,50.0,60.0,100.0,36,64.0,79.0,67,34,59.0,45.0,36,51,,32,69,31.0,100,32,86,63.0,54,72,42,39.0,100,52,30,53,79.0,35,65,63.0,69.0,62.0,52,69.0,57.0,28.0,94.0,39,45,91.0,63.0,67.0,96.0,51,30.0,50,46,47,,85.0,74.0,49,49,90,90,33,69,29,49.0,69,73,38,66,72.0,38,72.0,36,43,36,69,36,84.0,55,98.0,61.0,0.0,34.0,23,37.0,,59,52,73.0,44.0,35.0,78.0,64.0,66,56.0,94,42.0,51.0,54,60.0,55,34,37,88.0,94.0,27,11,49.0,41,57.0,36,57,56,74,96,85.0,62,40.0,100,43,11,55.0,28,98,83.0,86.0,,
2020-03-29,6.0,96,44.0,30,35.0,43,19.0,57,100,75,33,92,53.0,74,66,65,100.0,43,48.0,38,38,52,73,75.0,51,71.0,93,45,100.0,51.0,24.0,62.0,50,55.0,47.0,25,42,68,73.0,45,54,75.0,60,60,66,47,31,48.0,42.0,47,49,63,25,48,0,50,90.0,97.0,37,44,42,51.0,100.0,91.0,32,66.0,77.0,74,35,100.0,28.0,44,47,,25,67,47.0,94,34,100,65.0,52,60,41,48.0,97,59,26,57,80.0,42,74,99.0,41.0,48.0,55,72.0,62.0,37.0,76.0,43,53,51.0,57.0,61.0,91.0,49,20.0,44,50,53,,58.0,39.0,58,62,82,88,35,66,33,62.0,69,74,36,66,69.0,36,65.0,35,47,36,69,33,89.0,55,100.0,66.0,0.0,79.0,18,23.0,,57,37,82.0,80.0,49.0,70.0,57.0,49,36.0,83,35.0,48.0,50,48.0,48,34,34,64.0,81.0,37,16,0.0,35,64.0,34,50,54,71,94,86.0,59,47.0,76,49,12,68.0,20,12,78.0,74.0,,
2020-03-30,6.0,88,39.0,26,35.0,33,12.0,43,86,61,30,74,37.0,73,63,50,83.0,37,60.0,35,48,52,50,79.0,42,67.0,67,34,64.0,47.0,24.0,51.0,41,46.0,31.0,50,32,50,29.0,49,40,64.0,51,51,58,39,23,65.0,47.0,38,36,55,28,38,100,44,59.0,82.0,28,40,34,57.0,82.0,84.0,28,61.0,61.0,49,33,82.0,66.0,51,34,,33,55,42.0,78,27,79,60.0,46,52,35,46.0,84,54,20,55,74.0,33,71,64.0,85.0,46.0,45,62.0,52.0,18.0,46.0,35,47,42.0,51.0,53.0,84.0,33,30.0,35,43,42,,68.0,50.0,49,47,63,81,30,49,29,57.0,62,70,28,65,58.0,30,66.0,30,42,31,57,26,76.0,45,88.0,52.0,0.0,51.0,27,27.0,,56,46,62.0,40.0,37.0,57.0,48.0,45,64.0,71,68.0,40.0,42,40.0,35,30,31,44.0,68.0,35,15,45.0,35,56.0,28,43,49,62,78,74.0,51,31.0,65,40,10,62.0,23,59,66.0,71.0,,
2020-03-31,5.0,87,42.0,25,28.0,36,28.0,40,80,55,26,82,33.0,60,63,35,83.0,37,38.0,48,40,40,52,72.0,38,58.0,65,29,69.0,68.0,32.0,45.0,38,45.0,57.0,26,29,48,32.0,53,35,45.0,45,52,61,39,21,21.0,50.0,35,32,47,29,36,0,43,41.0,87.0,26,31,34,60.0,70.0,84.0,26,63.0,58.0,34,30,57.0,67.0,41,39,,30,53,31.0,76,25,67,47.0,43,50,34,41.0,92,39,20,56,56.0,30,62,89.0,69.0,56.0,45,81.0,43.0,11.0,58.0,32,35,60.0,43.0,46.0,55.0,40,25.0,50,38,48,,42.0,39.0,40,49,56,83,28,50,26,56.0,54,61,26,58,56.0,31,59.0,31,39,27,56,37,77.0,39,84.0,52.0,0.0,31.0,7,38.0,,50,43,65.0,31.0,71.0,58.0,52.0,37,59.0,61,65.0,38.0,51,52.0,37,29,29,51.0,57.0,38,14,16.0,29,38.0,25,40,47,62,72,68.0,48,24.0,43,39,9,51.0,24,36,55.0,59.0,,
2020-04-01,5.0,82,41.0,22,41.0,26,19.0,40,64,51,24,83,35.0,66,64,52,75.0,34,34.0,36,28,45,53,78.0,35,54.0,54,26,59.0,96.0,29.0,53.0,41,44.0,35.0,35,30,47,25.0,48,34,51.0,39,42,59,38,20,30.0,21.0,34,31,94,36,28,50,33,49.0,92.0,37,30,35,53.0,52.0,82.0,26,45.0,55.0,29,39,59.0,26.0,39,31,,31,50,28.0,72,22,75,85.0,37,50,30,45.0,83,50,20,57,57.0,25,60,36.0,49.0,49.0,37,100.0,59.0,28.0,43.0,31,31,47.0,39.0,64.0,58.0,34,14.0,44,34,47,,49.0,56.0,38,43,62,82,24,46,24,89.0,48,50,26,57,53.0,31,56.0,34,42,26,51,22,79.0,37,81.0,63.0,0.0,32.0,31,21.0,,50,49,54.0,31.0,49.0,60.0,45.0,41,67.0,60,80.0,35.0,49,37.0,62,29,28,54.0,62.0,32,15,37.0,26,44.0,21,51,46,50,66,71.0,46,27.0,44,43,9,56.0,34,71,50.0,58.0,,
2020-04-02,5.0,96,40.0,23,33.0,26,18.0,43,84,47,26,78,38.0,64,62,49,78.0,34,43.0,38,15,38,41,56.0,38,56.0,59,23,53.0,38.0,24.0,49.0,38,43.0,28.0,13,32,45,29.0,42,35,36.0,45,45,50,37,21,66.0,19.0,31,34,47,45,33,0,37,47.0,91.0,57,33,34,51.0,56.0,76.0,27,47.0,56.0,31,44,72.0,36.0,54,48,,36,49,33.0,67,19,82,51.0,38,51,31,46.0,81,53,16,64,57.0,26,56,60.0,67.0,41.0,49,62.0,52.0,21.0,53.0,31,37,62.0,36.0,44.0,55.0,39,16.0,46,36,47,,42.0,45.0,99,44,61,83,24,48,33,56.0,91,58,26,57,51.0,31,47.0,35,43,24,54,23,76.0,35,84.0,61.0,0.0,47.0,24,14.0,,52,40,60.0,61.0,55.0,61.0,43.0,42,54.0,93,34.0,36.0,41,66.0,34,26,31,68.0,69.0,37,16,31.0,25,55.0,24,42,43,54,64,68.0,45,35.0,40,44,10,47.0,100,23,65.0,72.0,,
2020-04-03,5.0,70,35.0,53,36.0,31,33.0,66,68,60,54,67,62.0,87,100,46,90.0,60,52.0,56,23,61,71,39.0,37,46.0,85,44,45.0,43.0,34.0,94.0,56,46.0,13.0,32,50,69,39.0,50,58,88.0,47,53,61,33,67,35.0,23.0,60,61,96,70,26,100,39,31.0,91.0,36,35,45,52.0,52.0,95.0,59,88.0,86.0,53,61,64.0,69.0,43,47,,47,49,46.0,87,100,100,100.0,49,70,36,48.0,82,75,19,100,66.0,37,75,43.0,94.0,48.0,73,69.0,67.0,44.0,49.0,46,43,58.0,94.0,52.0,49.0,33,52.0,39,40,73,,33.0,42.0,92,32,51,79,60,63,48,80.0,47,50,35,76,51.0,49,38.0,58,57,23,53,64,95.0,45,71.0,46.0,0.0,24.0,23,30.0,,70,42,70.0,26.0,42.0,92.0,42.0,49,76.0,56,75.0,40.0,100,64.0,52,62,44,100.0,100.0,36,74,24.0,40,52.0,51,41,54,54,100,100.0,43,50.0,53,47,88,68.0,36,37,37.0,64.0,,
2020-04-04,6.0,88,33.0,57,19.0,32,44.0,70,63,64,53,79,41.0,84,100,37,68.0,59,36.0,52,21,75,52,60.0,38,29.0,64,43,55.0,26.0,22.0,90.0,54,58.0,38.0,42,57,85,37.0,71,72,58.0,47,51,53,36,70,50.0,16.0,70,72,100,85,46,40,35,63.0,93.0,41,42,47,32.0,31.0,90.0,57,54.0,55.0,48,75,55.0,79.0,46,40,,62,52,67.0,84,50,92,86.0,49,77,45,49.0,87,74,16,62,91.0,27,81,88.0,100.0,37.0,75,93.0,74.0,54.0,51.0,49,45,72.0,97.0,48.0,52.0,32,27.0,45,57,73,,61.0,51.0,98,31,46,89,60,63,59,67.0,48,56,31,78,56.0,62,38.0,61,67,22,56,23,97.0,54,76.0,65.0,0.0,51.0,42,35.0,,72,100,60.0,28.0,100.0,98.0,41.0,46,87.0,61,100.0,44.0,98,77.0,20,63,50,51.0,67.0,38,32,61.0,35,54.0,50,45,57,45,73,99.0,58,55.0,49,43,100,80.0,28,60,57.0,64.0,,
2020-04-05,4.0,72,40.0,100,33.0,36,29.0,69,59,63,51,74,36.0,76,97,35,81.0,58,46.0,43,40,76,59,49.0,37,56.0,62,41,65.0,64.0,41.0,94.0,46,58.0,54.0,22,55,89,41.0,44,71,44.0,46,57,55,37,70,0.0,38.0,70,75,87,83,63,0,41,74.0,99.0,49,35,47,37.0,50.0,100.0,57,53.0,56.0,37,89,69.0,40.0,41,42,,54,50,49.0,80,32,85,95.0,56,57,43,46.0,86,77,17,55,100.0,34,76,82.0,87.0,40.0,76,100.0,86.0,40.0,60.0,48,35,79.0,90.0,44.0,56.0,37,7.0,46,73,80,,58.0,43.0,95,39,58,86,57,58,52,46.0,44,61,35,75,99.0,60,59.0,64,73,25,48,21,92.0,49,70.0,48.0,0.0,29.0,20,30.0,,64,46,59.0,8.0,41.0,90.0,39.0,48,57.0,64,90.0,58.0,92,81.0,23,60,46,46.0,74.0,38,29,45.0,34,41.0,56,40,57,47,74,90.0,60,56.0,58,40,84,90.0,19,12,52.0,62.0,,
2020-04-06,5.0,96,34.0,56,28.0,24,26.0,42,57,62,32,48,42.0,77,87,60,84.0,54,76.0,44,17,49,51,60.0,60,44.0,76,25,51.0,13.0,41.0,100.0,38,47.0,15.0,33,36,61,27.0,37,47,43.0,38,50,51,29,34,45.0,42.0,39,40,94,53,31,100,32,50.0,100.0,39,28,41,36.0,35.0,68.0,33,39.0,54.0,57,70,78.0,16.0,43,49,,38,42,46.0,58,17,77,97.0,39,61,30,46.0,83,100,10,47,61.0,36,78,84.0,54.0,45.0,75,84.0,98.0,11.0,36.0,56,23,53.0,41.0,48.0,62.0,30,9.0,34,50,77,,40.0,34.0,100,36,47,79,56,55,33,65.0,39,55,79,100,47.0,37,63.0,45,47,23,47,16,91.0,51,53.0,44.0,0.0,39.0,36,14.0,,72,34,46.0,43.0,59.0,68.0,36.0,29,47.0,52,98.0,35.0,40,55.0,45,26,30,52.0,75.0,35,17,37.0,33,56.0,52,29,58,42,76,87.0,48,34.0,55,35,11,82.0,54,46,44.0,59.0,,
2020-04-07,5.0,94,34.0,56,20.0,23,43.0,74,51,59,27,48,29.0,73,84,41,89.0,53,44.0,56,24,56,51,43.0,54,54.0,53,28,28.0,36.0,22.0,90.0,38,54.0,23.0,38,67,59,37.0,48,55,55.0,36,45,53,27,68,30.0,35.0,51,51,81,58,51,0,23,42.0,86.0,29,26,41,55.0,43.0,73.0,31,38.0,52.0,45,64,55.0,23.0,42,42,,47,38,48.0,56,19,74,89.0,48,58,30,34.0,71,67,9,44,86.0,26,100,62.0,78.0,36.0,72,70.0,84.0,16.0,43.0,47,30,75.0,40.0,33.0,49.0,36,5.0,36,100,62,,29.0,31.0,97,39,44,76,53,53,39,23.0,39,48,78,84,47.0,40,56.0,44,71,20,42,18,94.0,43,51.0,62.0,0.0,29.0,18,29.0,,69,37,51.0,25.0,41.0,56.0,33.0,34,56.0,47,81.0,34.0,37,49.0,27,36,28,12.0,63.0,36,14,33.0,34,47.0,50,37,53,48,51,92.0,45,40.0,61,51,10,77.0,36,36,41.0,47.0,,
2020-04-08,5.0,79,36.0,51,25.0,31,24.0,59,59,54,26,51,35.0,68,81,32,44.0,32,42.0,70,39,100,41,50.0,53,33.0,46,27,51.0,30.0,20.0,90.0,34,49.0,56.0,38,50,100,41.0,33,65,49.0,37,57,43,26,69,38.0,15.0,100,100,88,74,44,0,23,28.0,83.0,26,32,40,41.0,35.0,77.0,30,72.0,48.0,23,76,46.0,56.0,43,55,,63,43,40.0,54,16,68,93.0,46,58,29,45.0,58,69,10,73,85.0,23,74,53.0,46.0,34.0,68,91.0,90.0,12.0,42.0,51,28,57.0,37.0,34.0,55.0,41,14.0,30,71,66,,32.0,16.0,93,39,52,77,51,53,57,35.0,67,53,21,84,46.0,50,41.0,45,66,20,39,17,92.0,43,50.0,39.0,0.0,19.0,31,24.0,,100,34,54.0,20.0,62.0,51.0,41.0,30,83.0,70,99.0,33.0,38,65.0,39,58,27,53.0,54.0,86,11,35.0,27,39.0,100,36,51,69,46,82.0,58,47.0,48,60,9,85.0,24,34,47.0,43.0,,
2020-04-09,4.0,67,36.0,52,23.0,17,13.0,55,56,53,26,47,32.0,100,86,33,66.0,50,38.0,46,17,75,41,59.0,75,62.0,47,26,49.0,45.0,17.0,83.0,32,47.0,13.0,30,49,78,24.0,31,100,44.0,34,37,36,24,67,40.0,46.0,62,65,77,73,38,0,23,40.0,79.0,16,26,38,43.0,30.0,66.0,29,44.0,43.0,35,83,77.0,27.0,38,50,,100,37,43.0,53,12,70,82.0,45,71,27,37.0,28,66,8,46,52.0,27,78,29.0,34.0,34.0,66,82.0,74.0,9.0,42.0,41,30,58.0,38.0,48.0,46.0,39,2.0,47,65,65,,46.0,56.0,94,30,46,70,49,52,48,59.0,29,46,28,87,45.0,52,32.0,100,65,21,34,17,88.0,42,34.0,68.0,0.0,27.0,10,23.0,,68,30,52.0,39.0,51.0,47.0,33.0,29,92.0,51,55.0,34.0,35,62.0,33,60,25,42.0,38.0,29,8,33.0,28,40.0,55,29,48,38,31,88.0,41,44.0,40,59,5,86.0,49,46,38.0,53.0,,
2020-04-10,4.0,78,26.0,49,32.0,22,40.0,60,46,51,24,58,32.0,79,85,43,32.0,51,49.0,42,26,67,42,50.0,57,48.0,48,100,53.0,21.0,24.0,88.0,100,47.0,19.0,30,49,80,24.0,35,71,43.0,32,68,44,24,66,46.0,32.0,59,71,75,79,46,0,21,58.0,78.0,34,33,38,44.0,34.0,66.0,30,43.0,45.0,35,97,44.0,18.0,36,43,,60,38,30.0,54,13,71,75.0,48,58,27,48.0,28,66,10,48,56.0,29,75,54.0,34.0,23.0,61,76.0,100.0,26.0,38.0,29,27,45.0,37.0,48.0,61.0,27,14.0,33,65,53,,43.0,19.0,91,26,56,84,50,53,59,45.0,35,44,24,78,43.0,79,46.0,55,67,23,38,16,89.0,38,37.0,48.0,0.0,48.0,32,22.0,,70,38,46.0,0.0,46.0,61.0,28.0,31,63.0,45,71.0,33.0,40,37.0,23,61,28,22.0,30.0,39,7,27.0,30,36.0,52,26,46,44,38,90.0,52,43.0,44,56,5,63.0,28,89,35.0,51.0,,
2020-04-11,4.0,89,32.0,24,29.0,24,18.0,41,61,39,26,46,38.0,68,72,41,41.0,33,51.0,41,37,53,33,41.0,34,40.0,42,30,29.0,47.0,22.0,47.0,36,36.0,37.0,28,37,66,27.0,30,49,33.0,40,42,51,22,27,30.0,15.0,42,43,36,50,66,100,26,47.0,88.0,16,21,31,37.0,53.0,68.0,31,49.0,48.0,39,74,61.0,47.0,52,44,,33,35,21.0,55,12,51,36.0,39,48,27,49.0,26,35,11,49,46.0,36,66,42.0,69.0,34.0,35,91.0,22.0,12.0,44.0,31,31,68.0,39.0,45.0,44.0,32,9.0,37,47,30,,47.0,23.0,39,33,41,83,21,41,53,56.0,34,41,21,71,44.0,36,32.0,38,50,21,38,15,77.0,27,48.0,52.0,0.0,20.0,31,21.0,,54,32,43.0,10.0,43.0,59.0,29.0,31,75.0,52,76.0,32.0,32,40.0,24,25,28,76.0,24.0,35,8,49.0,27,41.0,27,32,35,41,36,66.0,38,36.0,40,40,6,38.0,22,100,40.0,53.0,,
2020-04-12,4.0,76,36.0,24,17.0,23,36.0,41,50,43,26,43,33.0,66,69,30,37.0,32,45.0,38,34,42,39,41.0,29,29.0,49,37,61.0,68.0,17.0,54.0,36,31.0,0.0,36,29,59,24.0,27,29,38.0,32,33,42,21,25,26.0,15.0,34,34,31,44,48,0,16,33.0,80.0,40,23,30,35.0,66.0,59.0,31,61.0,54.0,39,56,38.0,23.0,38,51,,25,31,24.0,55,22,41,36.0,33,38,30,44.0,25,28,20,43,47.0,37,54,30.0,67.0,30.0,41,82.0,28.0,18.0,49.0,25,31,72.0,46.0,30.0,38.0,30,18.0,29,39,36,,62.0,32.0,42,38,51,87,20,43,27,49.0,28,46,20,67,50.0,28,49.0,29,45,31,39,15,91.0,26,41.0,61.0,0.0,26.0,25,24.0,,54,32,44.0,10.0,32.0,73.0,23.0,33,100.0,48,70.0,32.0,41,56.0,33,20,27,42.0,25.0,31,10,59.0,30,38.0,23,27,29,46,31,90.0,40,32.0,49,35,6,43.0,28,23,54.0,43.0,,
2020-04-13,4.0,71,33.0,46,19.0,20,18.0,51,57,56,28,39,30.0,80,93,37,22.0,54,42.0,38,27,61,33,39.0,51,65.0,42,29,79.0,32.0,34.0,84.0,39,41.0,35.0,36,39,64,15.0,27,52,47.0,29,44,38,21,64,50.0,14.0,57,52,75,61,52,40,17,66.0,74.0,31,24,39,39.0,41.0,59.0,32,71.0,36.0,35,61,61.0,15.0,39,39,,45,34,41.0,74,91,58,72.0,44,59,30,40.0,30,66,100,47,49.0,37,72,18.0,40.0,37.0,100,86.0,64.0,23.0,33.0,37,22,38.0,100.0,42.0,62.0,20,16.0,32,54,100,,33.0,22.0,82,30,46,98,54,53,51,52.0,30,40,19,76,100.0,40,26.0,46,57,100,37,13,81.0,38,38.0,63.0,0.0,20.0,21,28.0,,64,39,38.0,17.0,52.0,92.0,28.0,34,82.0,47,79.0,29.0,88,62.0,35,56,28,42.0,29.0,41,23,86.0,100,37.0,43,23,40,42,39,80.0,51,37.0,28,53,14,70.0,47,45,45.0,42.0,,
2020-04-14,4.0,62,28.0,46,22.0,24,30.0,51,42,47,20,38,34.0,78,92,36,30.0,50,39.0,41,24,68,34,41.0,29,44.0,48,31,44.0,51.0,12.0,77.0,28,44.0,46.0,40,43,63,47.0,28,56,42.0,20,38,43,20,61,80.0,31.0,67,59,75,76,56,50,17,58.0,68.0,33,19,36,30.0,43.0,67.0,25,61.0,36.0,21,69,57.0,14.0,30,47,,51,30,41.0,48,25,55,73.0,41,57,28,46.0,25,65,55,48,51.0,26,72,30.0,26.0,18.0,71,78.0,48.0,30.0,38.0,41,27,47.0,97.0,41.0,49.0,31,5.0,30,60,74,,69.0,37.0,79,40,45,100,49,50,49,35.0,31,40,19,76,93.0,45,38.0,47,60,92,24,12,82.0,37,39.0,54.0,0.0,32.0,27,16.0,,61,31,35.0,32.0,46.0,75.0,22.0,20,79.0,43,51.0,27.0,83,54.0,35,53,23,30.0,39.0,37,23,35.0,19,33.0,40,23,42,37,33,76.0,48,37.0,37,56,13,79.0,47,47,46.0,43.0,,
2020-04-15,4.0,62,27.0,46,26.0,20,22.0,51,36,46,20,40,15.0,78,82,42,22.0,54,34.0,32,23,64,28,33.0,25,38.0,42,25,47.0,23.0,39.0,83.0,35,42.0,18.0,47,42,62,17.0,22,53,39.0,31,34,38,18,50,30.0,29.0,62,55,65,64,30,0,16,67.0,66.0,19,23,37,25.0,34.0,62.0,39,70.0,33.0,18,65,27.0,15.0,30,39,,45,29,43.0,70,27,62,73.0,41,65,25,58.0,24,62,76,64,53.0,24,64,20.0,51.0,20.0,58,80.0,79.0,19.0,31.0,43,27,34.0,90.0,60.0,55.0,22,11.0,39,59,86,,36.0,20.0,82,27,37,86,47,45,37,35.0,58,41,21,72,88.0,49,21.0,44,59,95,28,11,81.0,36,36.0,51.0,0.0,19.0,6,22.0,,60,69,38.0,30.0,39.0,83.0,24.0,26,78.0,64,75.0,26.0,86,28.0,25,50,23,47.0,33.0,100,21,33.0,21,35.0,47,24,41,61,33,74.0,46,38.0,39,57,11,84.0,48,34,46.0,64.0,,
2020-04-16,4.0,71,32.0,43,20.0,20,22.0,47,45,46,19,26,18.0,79,84,39,46.0,46,29.0,33,22,63,20,43.0,25,35.0,40,26,41.0,26.0,34.0,80.0,31,39.0,38.0,26,40,57,24.0,28,52,35.0,25,39,36,19,53,25.0,22.0,58,52,71,55,41,100,19,33.0,66.0,28,17,34,24.0,57.0,63.0,23,65.0,39.0,45,61,64.0,27.0,28,44,,49,30,53.0,67,25,53,71.0,42,100,25,59.0,24,55,21,65,47.0,24,64,13.0,29.0,25.0,64,97.0,60.0,9.0,26.0,35,24,26.0,96.0,42.0,47.0,21,18.0,28,60,52,,33.0,25.0,83,27,37,78,46,45,45,59.0,60,43,56,74,82.0,42,66.0,44,55,90,27,12,85.0,34,35.0,63.0,0.0,5.0,13,22.0,,57,32,30.0,25.0,50.0,91.0,22.0,21,59.0,47,92.0,27.0,79,51.0,21,52,30,28.0,32.0,50,20,88.0,24,39.0,45,21,41,37,37,73.0,45,35.0,36,55,12,100.0,18,70,45.0,55.0,,
2020-04-17,4.0,60,31.0,45,30.0,13,18.0,50,32,43,18,34,30.0,92,92,35,21.0,43,30.0,37,27,63,28,32.0,25,25.0,46,28,61.0,23.0,22.0,93.0,33,39.0,31.0,38,44,62,27.0,25,50,36.0,28,38,45,17,52,27.0,21.0,55,59,72,60,19,0,12,31.0,80.0,10,16,34,37.0,68.0,80.0,21,66.0,48.0,32,65,54.0,28.0,37,39,,39,30,31.0,67,33,62,70.0,37,58,26,56.0,24,67,16,64,53.0,20,73,40.0,72.0,24.0,72,77.0,86.0,9.0,26.0,39,24,40.0,90.0,83.0,42.0,21,14.0,29,54,47,,36.0,28.0,88,27,43,100,44,37,46,67.0,53,47,54,81,83.0,40,50.0,42,56,93,25,11,100.0,32,43.0,46.0,0.0,15.0,11,17.0,,64,58,32.0,74.0,70.0,84.0,22.0,23,75.0,62,43.0,26.0,83,51.0,24,47,21,52.0,32.0,100,27,71.0,30,33.0,48,25,40,61,30,83.0,40,37.0,30,54,13,93.0,19,35,53.0,61.0,,
2020-04-18,3.0,72,24.0,42,29.0,20,9.0,41,35,33,22,34,24.0,75,84,40,48.0,24,27.0,46,20,41,37,29.0,24,33.0,39,29,33.0,34.0,22.0,47.0,23,42.0,17.0,37,31,53,24.0,29,36,34.0,30,35,41,18,20,33.0,41.0,37,35,71,41,22,0,18,56.0,69.0,13,16,35,31.0,43.0,84.0,22,73.0,42.0,44,48,58.0,38.0,23,30,,36,30,26.0,71,94,58,70.0,38,55,37,53.0,20,63,10,71,59.0,23,63,43.0,40.0,28.0,62,68.0,74.0,19.0,44.0,19,26,64.0,97.0,83.0,47.0,30,20.0,29,37,34,,32.0,26.0,86,22,44,97,16,33,35,60.0,60,42,18,85,86.0,30,38.0,31,43,98,30,12,95.0,23,40.0,44.0,0.0,28.0,14,19.0,,67,62,40.0,34.0,37.0,91.0,22.0,30,76.0,67,55.0,30.0,83,60.0,19,19,22,34.0,24.0,54,100,18.0,13,40.0,42,25,40,63,35,81.0,30,28.0,22,33,12,64.0,20,13,45.0,49.0,,
2020-04-19,3.0,65,26.0,18,25.0,17,32.0,38,34,34,20,26,20.0,58,79,31,34.0,25,33.0,35,18,32,33,36.0,23,27.0,42,29,48.0,34.0,32.0,43.0,25,41.0,13.0,35,25,42,25.0,24,30,31.0,31,24,35,17,20,21.0,32.0,27,27,30,37,49,0,20,34.0,76.0,39,22,34,70.0,52.0,77.0,23,67.0,46.0,23,34,60.0,22.0,48,39,,24,26,10.0,67,89,43,31.0,40,47,34,46.0,21,33,12,72,49.0,27,50,61.0,60.0,35.0,30,91.0,19.0,0.0,26.0,23,31,25.0,94.0,100.0,45.0,23,14.0,22,28,32,,29.0,21.0,38,27,33,88,16,34,23,41.0,62,39,16,61,84.0,22,31.0,27,36,87,27,12,72.0,23,39.0,60.0,0.0,16.0,17,39.0,,48,60,33.0,8.0,57.0,84.0,21.0,26,65.0,66,56.0,26.0,82,43.0,35,18,22,35.0,33.0,44,90,37.0,24,22.0,26,24,30,60,28,58.0,31,24.0,36,32,12,30.0,22,13,44.0,50.0,,
2020-04-20,3.0,50,24.0,17,19.0,17,31.0,30,28,39,17,32,20.0,51,81,31,43.0,21,26.0,44,26,28,30,32.0,22,25.0,37,25,40.0,32.0,12.0,38.0,31,37.0,36.0,29,21,32,19.0,28,24,34.0,28,25,36,15,18,20.0,0.0,26,23,26,24,60,0,17,56.0,71.0,14,15,23,73.0,36.0,59.0,20,60.0,37.0,39,29,44.0,16.0,17,38,,22,26,22.0,41,30,40,33.0,36,30,23,52.0,24,29,11,67,43.0,21,49,37.0,27.0,15.0,36,51.0,36.0,14.0,29.0,20,22,40.0,90.0,67.0,46.0,21,20.0,27,25,29,,34.0,20.0,34,25,33,77,13,47,21,30.0,62,42,15,52,81.0,18,34.0,22,32,22,26,9,74.0,22,36.0,35.0,0.0,4.0,18,25.0,,46,33,34.0,26.0,26.0,78.0,19.0,16,60.0,64,30.0,22.0,86,69.0,35,15,19,35.0,31.0,49,24,53.0,24,26.0,20,21,35,35,29,47.0,29,19.0,27,29,5,16.0,14,25,38.0,43.0,,
2020-04-21,3.0,67,20.0,17,20.0,13,12.0,28,30,39,16,29,16.0,51,68,28,29.0,20,33.0,37,23,29,27,33.0,21,33.0,19,21,31.0,26.0,17.0,38.0,40,24.0,14.0,23,19,29,14.0,23,21,34.0,23,30,36,14,18,29.0,40.0,21,20,24,27,56,100,20,42.0,65.0,17,17,21,43.0,41.0,49.0,20,62.0,32.0,43,26,46.0,0.0,28,42,,21,25,30.0,39,25,45,25.0,35,27,21,40.0,22,23,8,65,39.0,31,45,13.0,43.0,21.0,25,49.0,29.0,16.0,17.0,18,25,36.0,79.0,55.0,41.0,15,14.0,25,27,20,,34.0,15.0,31,36,36,89,16,34,20,30.0,67,28,16,56,74.0,18,24.0,19,29,19,22,10,58.0,19,30.0,43.0,0.0,29.0,14,19.0,,42,28,24.0,19.0,46.0,70.0,17.0,16,75.0,57,42.0,23.0,78,73.0,29,13,18,48.0,29.0,42,20,51.0,21,26.0,21,20,38,32,28,47.0,40,20.0,40,26,4,23.0,9,14,37.0,36.0,,
2020-04-22,3.0,65,24.0,14,14.0,16,32.0,28,24,26,15,17,23.0,46,50,19,26.0,23,19.0,32,12,25,20,50.0,21,27.0,30,20,41.0,49.0,32.0,36.0,31,21.0,24.0,27,19,26,24.0,24,22,27.0,19,21,36,14,18,35.0,13.0,22,21,24,23,61,0,12,60.0,64.0,9,15,21,50.0,35.0,52.0,19,42.0,29.0,33,28,43.0,29.0,27,42,,15,22,11.0,41,13,35,34.0,23,27,21,39.0,21,23,7,47,33.0,18,46,24.0,26.0,21.0,32,61.0,28.0,0.0,17.0,19,25,40.0,33.0,67.0,35.0,18,11.0,27,24,25,,24.0,21.0,30,28,35,84,12,28,17,44.0,37,33,11,55,36.0,16,29.0,21,30,18,23,10,61.0,20,31.0,43.0,0.0,9.0,17,17.0,,38,31,23.0,30.0,46.0,42.0,15.0,21,72.0,38,41.0,22.0,34,59.0,14,15,20,35.0,21.0,36,9,33.0,12,22.0,16,16,26,40,25,46.0,27,16.0,26,26,4,20.0,22,13,49.0,41.0,,
2020-04-23,3.0,54,16.0,14,9.0,14,18.0,44,23,38,15,22,17.0,44,68,38,44.0,20,27.0,25,10,53,24,30.0,22,44.0,33,21,23.0,25.0,12.0,27.0,31,32.0,28.0,26,32,46,19.0,24,34,22.0,19,21,38,15,18,50.0,12.0,45,45,23,41,22,0,15,48.0,60.0,11,16,29,37.0,73.0,41.0,18,33.0,29.0,12,42,57.0,20.0,24,37,,35,19,51.0,59,25,46,25.0,21,39,20,24.0,22,24,5,60,33.0,21,36,41.0,36.0,12.0,22,45.0,31.0,11.0,28.0,17,20,51.0,32.0,61.0,47.0,17,16.0,24,42,19,,55.0,14.0,26,23,28,70,12,36,27,32.0,61,25,10,48,33.0,32,28.0,36,44,17,20,9,59.0,17,31.0,30.0,0.0,0.0,13,13.0,,36,32,26.0,10.0,32.0,64.0,15.0,18,63.0,53,40.0,21.0,78,78.0,20,13,16,34.0,23.0,36,21,33.0,22,21.0,18,15,32,36,24,42.0,27,31.0,24,48,3,26.0,28,43,50.0,47.0,,
2020-04-24,3.0,84,20.0,17,16.0,12,14.0,45,23,34,15,22,24.0,56,66,42,15.0,28,18.0,26,13,56,17,36.0,19,42.0,30,25,40.0,47.0,17.0,27.0,25,34.0,14.0,31,35,53,17.0,20,47,24.0,25,28,35,16,15,22.0,21.0,52,55,23,50,36,0,11,44.0,68.0,22,15,21,44.0,32.0,47.0,18,65.0,32.0,33,55,68.0,22.0,28,41,,43,26,34.0,58,22,40,32.0,21,48,21,38.0,18,28,8,69,45.0,23,43,20.0,13.0,16.0,23,54.0,26.0,21.0,25.0,16,17,55.0,30.0,67.0,46.0,20,23.0,23,50,29,,37.0,19.0,28,26,30,69,11,32,45,38.0,61,28,10,48,33.0,37,31.0,38,49,15,19,9,66.0,16,29.0,44.0,0.0,14.0,14,15.0,,38,58,28.0,20.0,37.0,60.0,15.0,16,65.0,52,43.0,22.0,80,57.0,18,12,17,18.0,25.0,81,19,100.0,18,21.0,15,16,33,59,25,48.0,37,33.0,30,45,4,47.0,22,19,40.0,37.0,,
2020-04-25,3.0,51,33.0,19,20.0,10,11.0,51,30,25,17,19,24.0,53,55,51,5.0,45,15.0,14,27,60,27,18.0,42,62.0,30,34,42.0,100.0,24.0,29.0,24,38.0,0.0,39,37,58,49.0,26,54,32.0,23,26,41,16,17,26.0,11.0,56,59,21,49,31,0,18,24.0,72.0,16,15,21,39.0,33.0,71.0,20,63.0,45.0,27,56,65.0,44.0,26,39,,51,25,22.0,39,11,35,36.0,35,100,22,31.0,17,24,8,68,42.0,21,47,37.0,15.0,18.0,23,80.0,84.0,53.0,29.0,16,19,66.0,32.0,60.0,53.0,23,82.0,29,54,27,,48.0,27.0,28,25,25,71,47,25,44,40.0,69,28,11,51,37.0,41,26.0,42,49,14,20,10,74.0,18,34.0,54.0,64.0,11.0,24,9.0,,41,40,34.0,5.0,46.0,79.0,13.0,24,50.0,55,48.0,24.0,39,77.0,22,13,18,19.0,25.0,79,7,65.0,21,26.0,18,17,23,56,28,50.0,26,35.0,29,50,5,46.0,11,13,32.0,36.0,,
2020-04-26,3.0,59,32.0,17,26.0,14,0.0,51,28,27,18,22,22.0,53,52,31,13.0,40,15.0,35,14,62,21,21.0,47,100.0,33,33,33.0,34.0,39.0,22.0,40,35.0,12.0,44,37,59,58.0,26,61,28.0,26,28,32,14,16,35.0,0.0,51,56,24,50,29,0,15,51.0,65.0,13,16,20,28.0,39.0,65.0,21,57.0,37.0,18,61,41.0,41.0,37,45,,51,20,35.0,39,9,32,14.0,34,81,24,29.0,16,21,5,65,39.0,18,43,29.0,6.0,18.0,26,50.0,50.0,81.0,33.0,18,19,72.0,31.0,86.0,52.0,27,75.0,31,53,21,,47.0,14.0,30,23,28,63,44,24,47,56.0,71,26,11,45,36.0,47,34.0,43,52,15,23,10,73.0,16,28.0,60.0,95.0,4.0,20,12.0,,39,31,32.0,10.0,52.0,55.0,15.0,22,41.0,55,32.0,24.0,35,62.0,9,14,19,27.0,27.0,72,8,96.0,18,27.0,19,17,19,51,24,40.0,26,47.0,34,55,3,46.0,11,24,25.0,37.0,,
2020-04-27,3.0,71,28.0,17,28.0,11,9.0,30,35,22,13,20,20.0,60,47,30,10.0,19,14.0,29,17,41,22,20.0,23,94.0,26,19,42.0,28.0,63.0,21.0,22,23.0,0.0,38,20,32,29.0,25,30,26.0,21,26,29,11,15,22.0,16.0,31,32,23,29,42,0,10,79.0,63.0,20,11,18,21.0,42.0,53.0,18,26.0,36.0,15,33,44.0,20.0,20,43,,32,20,13.0,37,9,33,27.0,21,27,21,32.0,18,23,6,38,33.0,19,41,27.0,13.0,17.0,20,69.0,60.0,18.0,25.0,13,13,79.0,32.0,57.0,41.0,20,68.0,25,31,18,,48.0,21.0,31,20,28,58,12,22,24,23.0,35,25,10,47,34.0,24,32.0,23,32,14,17,8,66.0,16,23.0,39.0,36.0,20.0,17,4.0,,36,43,27.0,11.0,38.0,29.0,12.0,17,53.0,38,38.0,21.0,32,59.0,23,12,17,18.0,30.0,36,6,43.0,30,24.0,15,14,20,34,22,41.0,25,23.0,26,28,4,8.0,11,100,25.0,41.0,,
2020-04-28,3.0,59,20.0,15,16.0,10,15.0,24,21,20,14,21,23.0,43,40,24,13.0,18,14.0,26,3,31,19,15.0,20,67.0,26,23,34.0,28.0,34.0,23.0,22,18.0,10.0,23,16,23,41.0,24,17,22.0,21,21,28,14,15,32.0,17.0,24,19,22,17,43,100,10,22.0,58.0,24,12,22,19.0,61.0,41.0,17,33.0,27.0,18,24,45.0,35.0,22,37,,22,19,35.0,34,9,24,24.0,23,25,20,31.0,16,18,6,36,22.0,20,38,49.0,7.0,13.0,20,64.0,21.0,26.0,25.0,13,15,72.0,29.0,64.0,47.0,17,80.0,26,20,18,,28.0,36.0,35,22,38,58,11,18,14,46.0,28,25,10,49,29.0,17,32.0,17,28,14,16,8,68.0,15,24.0,24.0,66.0,13.0,14,9.0,,33,29,28.0,10.0,36.0,27.0,12.0,13,50.0,33,51.0,22.0,30,66.0,24,11,16,26.0,23.0,26,5,84.0,23,23.0,17,14,19,25,22,36.0,26,18.0,28,22,2,26.0,11,12,38.0,32.0,,
2020-04-29,2.0,38,20.0,16,23.0,8,13.0,24,21,20,12,20,17.0,46,39,27,10.0,17,10.0,27,11,28,31,23.0,23,44.0,22,15,34.0,40.0,59.0,22.0,25,17.0,7.0,27,17,24,92.0,24,20,22.0,17,19,28,12,14,32.0,17.0,20,19,21,21,21,0,10,41.0,56.0,11,11,21,20.0,33.0,48.0,17,26.0,32.0,16,22,35.0,9.0,24,27,,19,20,12.0,32,8,28,25.0,28,27,20,30.0,14,20,6,37,27.0,14,41,30.0,14.0,15.0,21,70.0,48.0,0.0,26.0,15,13,30.0,28.0,70.0,38.0,11,89.0,21,19,13,,21.0,17.0,30,29,26,49,10,19,18,51.0,28,17,11,43,28.0,16,25.0,16,25,13,16,8,56.0,13,23.0,49.0,34.0,4.0,18,25.0,,30,32,28.0,8.0,31.0,25.0,12.0,12,33.0,33,86.0,20.0,27,73.0,22,12,20,26.0,27.0,36,6,78.0,21,16.0,15,15,18,21,15,38.0,26,17.0,17,21,2,29.0,23,91,35.0,39.0,,
2020-04-30,2.0,46,18.0,17,14.0,13,11.0,23,24,18,13,15,14.0,36,36,31,10.0,16,18.0,32,8,25,23,14.0,22,38.0,24,13,24.0,28.0,41.0,15.0,33,16.0,4.0,35,15,22,15.0,21,17,20.0,19,16,25,11,13,15.0,0.0,18,16,15,18,31,0,13,13.0,51.0,14,13,22,26.0,45.0,39.0,17,35.0,24.0,13,19,35.0,13.0,17,31,,16,22,13.0,30,8,22,26.0,19,22,19,25.0,15,17,4,36,31.0,15,37,24.0,8.0,14.0,17,86.0,31.0,60.0,24.0,13,11,58.0,24.0,78.0,32.0,14,70.0,20,18,18,,18.0,13.0,31,18,17,45,10,17,18,40.0,25,15,10,39,28.0,14,13.0,18,23,12,16,9,49.0,13,23.0,41.0,34.0,6.0,10,14.0,,28,21,24.0,4.0,33.0,22.0,13.0,19,36.0,28,46.0,20.0,25,79.0,11,10,16,16.0,15.0,26,5,37.0,28,18.0,12,13,16,26,21,31.0,23,16.0,20,20,3,26.0,10,85,22.0,39.0,,
2020-05-01,2.0,53,22.0,15,14.0,13,11.0,26,25,19,14,20,23.0,38,36,30,10.0,17,13.0,44,17,22,26,18.0,22,69.0,24,20,20.0,53.0,56.0,18.0,26,16.0,0.0,32,17,26,44.0,27,18,24.0,15,18,24,13,14,17.0,0.0,19,16,21,21,30,0,8,44.0,46.0,10,11,19,22.0,35.0,33.0,18,22.0,33.0,7,22,34.0,9.0,18,23,,17,19,11.0,34,8,27,25.0,22,26,21,27.0,13,22,6,41,26.0,16,39,29.0,12.0,19.0,17,53.0,40.0,49.0,29.0,12,19,77.0,28.0,70.0,39.0,17,82.0,21,20,21,,31.0,13.0,30,15,39,45,9,18,16,56.0,27,21,9,38,27.0,14,21.0,18,24,13,17,8,60.0,14,24.0,29.0,100.0,7.0,17,13.0,,33,30,34.0,10.0,29.0,27.0,14.0,20,38.0,32,47.0,20.0,27,56.0,21,10,16,26.0,24.0,24,5,82.0,23,24.0,13,14,17,36,22,36.0,22,18.0,25,18,2,26.0,22,40,27.0,41.0,,
2020-05-02,2.0,55,25.0,16,25.0,22,9.0,27,39,20,17,15,20.0,44,36,24,9.0,17,17.0,31,3,24,14,18.0,21,62.0,31,20,42.0,15.0,59.0,23.0,29,16.0,5.0,33,21,27,31.0,21,18,23.0,13,16,26,11,15,26.0,22.0,21,16,23,18,24,33,17,43.0,45.0,7,12,20,19.0,91.0,51.0,17,33.0,30.0,20,22,24.0,10.0,33,24,,18,19,9.0,31,8,51,19.0,20,26,22,28.0,11,23,5,41,31.0,29,39,34.0,15.0,16.0,22,58.0,38.0,63.0,32.0,16,14,62.0,30.0,70.0,45.0,23,57.0,27,20,16,,26.0,15.0,34,24,24,55,9,22,17,44.0,29,15,11,38,30.0,15,24.0,24,23,13,18,10,58.0,15,30.0,49.0,36.0,13.0,13,6.0,,29,25,27.0,4.0,22.0,30.0,12.0,17,31.0,34,72.0,22.0,29,83.0,20,10,15,32.0,27.0,29,7,45.0,27,23.0,16,14,17,33,24,39.0,22,15.0,27,18,3,40.0,24,39,31.0,32.0,,
2020-05-03,2.0,66,19.0,16,23.0,9,9.0,27,32,21,16,13,32.0,49,38,27,8.0,18,16.0,28,29,36,24,25.0,20,69.0,24,22,28.0,79.0,54.0,14.0,32,17.0,6.0,50,21,29,20.0,23,21,30.0,16,16,31,11,15,16.0,0.0,22,17,18,26,42,0,10,27.0,47.0,19,15,20,24.0,43.0,48.0,19,28.0,30.0,23,23,32.0,20.0,25,30,,22,21,17.0,33,7,23,20.0,20,23,23,29.0,13,23,8,44,32.0,18,38,26.0,13.0,21.0,23,57.0,38.0,37.0,39.0,13,12,42.0,28.0,52.0,49.0,19,73.0,20,21,23,,9.0,13.0,30,21,17,67,8,19,20,45.0,25,17,9,38,29.0,18,25.0,22,24,13,16,10,51.0,15,31.0,30.0,36.0,10.0,20,13.0,,29,36,27.0,5.0,39.0,29.0,11.0,19,29.0,33,42.0,21.0,24,55.0,17,11,18,15.0,25.0,27,5,41.0,21,19.0,13,13,17,33,22,33.0,23,20.0,29,19,2,17.0,17,65,25.0,43.0,,
2020-05-04,2.0,47,16.0,14,14.0,11,17.0,22,27,19,11,21,23.0,45,34,22,5.0,15,14.0,33,15,25,23,26.0,19,40.0,20,12,23.0,30.0,17.0,16.0,18,16.0,7.0,39,16,23,20.0,22,21,18.0,14,18,25,10,14,16.0,0.0,20,17,16,22,27,0,7,26.0,41.0,12,14,18,20.0,48.0,41.0,16,31.0,29.0,28,20,45.0,26.0,29,30,,23,14,9.0,31,6,22,24.0,22,26,20,20.0,12,18,4,43,26.0,15,33,46.0,13.0,14.0,20,57.0,59.0,33.0,25.0,12,12,49.0,27.0,54.0,49.0,15,52.0,22,18,11,,29.0,12.0,29,24,24,69,9,17,19,24.0,25,17,10,37,26.0,13,15.0,19,21,11,14,7,53.0,14,28.0,35.0,66.0,14.0,24,12.0,,29,28,23.0,9.0,28.0,23.0,9.0,15,46.0,30,49.0,19.0,18,100.0,10,11,15,37.0,24.0,25,5,35.0,19,23.0,16,12,17,24,19,33.0,23,13.0,24,18,3,13.0,19,64,25.0,24.0,,
2020-05-05,2.0,48,21.0,14,17.0,11,9.0,20,24,17,11,18,22.0,35,34,21,7.0,15,18.0,36,11,24,15,21.0,20,27.0,22,16,31.0,26.0,24.0,17.0,17,15.0,7.0,24,15,23,32.0,19,17,20.0,16,18,33,10,14,13.0,16.0,19,17,15,21,38,0,8,38.0,46.0,11,9,17,28.0,39.0,25.0,16,25.0,24.0,17,17,34.0,23.0,18,29,,16,14,17.0,34,6,24,18.0,19,20,19,19.0,11,20,4,34,33.0,23,39,40.0,4.0,16.0,20,47.0,28.0,37.0,24.0,12,11,55.0,22.0,47.0,36.0,10,16.0,17,17,16,,28.0,11.0,27,16,22,51,9,18,15,37.0,25,14,9,37,26.0,13,18.0,14,19,11,14,7,51.0,11,26.0,18.0,39.0,6.0,7,9.0,,31,24,23.0,12.0,29.0,23.0,9.0,18,27.0,30,36.0,18.0,22,43.0,15,10,14,14.0,23.0,19,5,0.0,14,17.0,14,11,16,31,16,33.0,24,12.0,19,18,2,33.0,26,36,20.0,32.0,,
2020-05-06,2.0,19,21.0,14,29.0,14,24.0,20,19,16,10,16,17.0,41,29,23,7.0,18,14.0,28,6,22,22,18.0,19,27.0,24,14,27.0,36.0,37.0,13.0,20,15.0,5.0,24,15,23,41.0,17,17,19.0,15,14,31,8,13,12.0,9.0,16,18,18,21,22,0,12,21.0,49.0,9,9,17,22.0,27.0,33.0,19,28.0,26.0,15,20,38.0,12.0,27,41,,18,16,17.0,34,6,23,19.0,15,19,18,20.0,12,18,5,35,19.0,16,37,36.0,5.0,17.0,17,49.0,34.0,18.0,18.0,14,11,68.0,23.0,55.0,44.0,17,59.0,22,16,12,,19.0,12.0,29,10,15,57,10,18,17,29.0,24,11,8,37,24.0,13,12.0,14,20,11,12,7,47.0,11,21.0,12.0,66.0,8.0,13,17.0,,27,26,22.0,13.0,26.0,22.0,10.0,13,36.0,30,37.0,19.0,24,58.0,19,11,15,11.0,20.0,21,4,41.0,14,19.0,13,11,16,27,16,32.0,22,12.0,25,14,2,23.0,14,42,22.0,29.0,,
2020-05-07,2.0,25,20.0,15,14.0,15,16.0,20,31,17,10,16,12.0,32,34,32,10.0,15,18.0,41,7,25,17,21.0,20,31.0,21,18,22.0,42.0,39.0,16.0,17,14.0,6.0,43,15,20,29.0,20,17,19.0,15,16,31,9,14,23.0,9.0,17,17,17,18,21,0,5,16.0,51.0,7,10,18,22.0,36.0,23.0,15,28.0,27.0,16,21,31.0,0.0,27,26,,17,16,7.0,32,6,26,16.0,17,21,17,26.0,12,22,6,33,23.0,16,38,19.0,0.0,20.0,18,55.0,29.0,40.0,21.0,11,13,45.0,22.0,55.0,45.0,13,100.0,23,16,17,,15.0,12.0,29,12,26,53,9,19,19,23.0,22,11,9,37,23.0,12,18.0,12,20,11,14,8,44.0,11,22.0,23.0,34.0,5.0,29,8.0,,26,20,22.0,12.0,20.0,24.0,9.0,12,29.0,28,45.0,19.0,19,69.0,9,10,14,17.0,23.0,17,4,47.0,12,18.0,13,12,16,23,16,28.0,22,13.0,26,15,1,22.0,15,42,19.0,38.0,,
2020-05-08,2.0,21,18.0,15,32.0,10,19.0,23,14,19,11,12,12.0,42,31,25,7.0,15,10.0,28,20,28,19,22.0,19,17.0,19,11,24.0,28.0,41.0,15.0,23,,5.0,75,15,21,20.0,13,20,23.0,14,16,18,9,11,0.0,10.0,16,17,22,16,27,0,11,45.0,51.0,17,8,16,35.0,17.0,47.0,15,29.0,23.0,0,16,10.0,11.0,17,33,,18,19,3.0,31,6,32,18.0,16,23,18,16.0,13,23,3,27,24.0,13,33,18.0,13.0,12.0,16,78.0,33.0,0.0,22.0,11,16,66.0,19.0,43.0,34.0,24,36.0,18,17,19,,18.0,7.0,25,16,19,49,8,16,20,21.0,20,13,8,42,,10,19.0,16,21,9,17,8,59.0,11,17.0,30.0,80.0,8.0,0,10.0,,25,24,23.0,11.0,36.0,22.0,9.0,13,33.0,27,68.0,23.0,21,58.0,17,10,14,15.0,21.0,17,4,37.0,14,17.0,14,10,14,31,17,30.0,19,14.0,36,14,2,23.0,0,62,29.0,30.0,,
